Date,Description,Debit,Credit,Cards,Purchase Type,Transaction Type,Monthly
3/4/2023,7 Days Food Store,35.08,0,1,Groceries,P,N
5/28/2023,7-eleven,42.15,0,0,Gas,B,N
5/26/2023,7-eleven,106.62,0,2675,Gas,B,N
5/26/2023,7-eleven,35.09,0,2679,Gas,B,N
5/25/2023,7-eleven,56.49,0,2679,Gas,B,N
5/23/2023,7-eleven,65.94,0,9031,Gas,B,N
5/23/2023,7-eleven,38.02,0,9031,Gas,B,N
5/22/2023,7-eleven,85.79,0,2675,Gas,B,N
5/20/2023,7-eleven,12.89,0,2679,Gas,B,N
5/20/2023,7-eleven,33.91,0,0,Gas,B,N
5/19/2023,7-eleven,52.44,0,3341,Gas,B,N
5/17/2023,7-eleven,30.83,0,3341,Gas,B,N
5/16/2023,7-eleven,57.7,0,2675,Gas,B,N
5/16/2023,7-eleven,47.19,0,2679,Gas,B,N
5/13/2023,7-eleven,60.07,0,3341,Gas,B,N
5/13/2023,7-eleven,17.85,0,3341,Gas,B,N
5/9/2023,7-eleven,97.96,0,2675,Gas,B,N
5/7/2023,7-eleven,64.04,0,1,Gas,B,N
5/7/2023,7-eleven,11.3,0,1,Gas,B,N
5/7/2023,7-eleven,41.9,0,3341,Gas,B,N
5/6/2023,7-eleven,75.59,0,3341,Gas,B,N
5/6/2023,7-eleven,4.33,0,3341,Gas,B,N
5/5/2023,7-eleven,4.44,0,3341,Gas,B,N
5/5/2023,7-eleven,103.61,0,2675,Gas,B,N
5/5/2023,7-eleven,56.57,0,9031,Gas,B,N
5/4/2023,7-eleven,55.85,0,2679,Gas,B,N
5/1/2023,7-eleven,40.15,0,3341,Gas,B,N
5/1/2023,7-eleven,39.54,0,3341,Gas,B,N
4/29/2023,7-eleven,59.69,0,3341,Gas,B,N
4/28/2023,7-eleven,25.16,0,2675,Gas,B,N
4/7/2023,7-eleven,54.21,0,1,Gas,B,N
4/3/2023,7-eleven,41.23,0,3341,Gas,B,N
4/3/2023,7-eleven,105,0,2675,Gas,B,N
4/26/2023,7-eleven,47.12,0,718,Gas,B,N
4/26/2023,7-eleven,51.41,0,3341,Gas,B,N
4/25/2023,7-eleven,52.58,0,3341,Gas,B,N
4/24/2023,7-eleven,52.72,0,2675,Gas,B,N
4/21/2023,7-eleven,29.79,0,3341,Gas,B,N
4/20/2023,7-eleven,81.38,0,2675,Gas,B,N
4/18/2023,7-eleven,38.99,0,2675,Gas,B,N
4/16/2023,7-eleven,31.84,0,1,Gas,B,N
4/14/2023,7-eleven,115.47,0,2675,Gas,B,N
4/12/2023,7-eleven,61.9,0,3341,Gas,B,N
4/11/2023,7-eleven,48.83,0,9031,Gas,B,N
4/11/2023,7-eleven,58.94,0,9031,Gas,B,N
4/10/2023,7-eleven,38.56,0,718,Gas,B,N
4/1/2023,7-eleven,27.49,0,9031,Gas,B,N
3/7/2023,7-eleven,30.81,0,2679,Gas,B,N
3/31/2023,7-eleven,76,0,3341,Gas,B,N
3/30/2023,7-eleven,61.02,0,1,Gas,B,N
3/27/2023,7-eleven,12.52,0,9031,Gas,B,N
3/24/2023,7-eleven,90.94,0,2675,Gas,B,N
3/22/2023,7-eleven,39.12,0,1,Gas,B,N
3/20/2023,7-eleven,66.01,0,9031,Gas,B,N
3/20/2023,7-eleven,38.26,0,2679,Gas,B,N
3/10/2023,7-eleven,66.86,0,9031,Gas,B,N
3/1/2023,7-eleven,56.14,0,2679,Gas,B,N
2/9/2023,7-eleven,148.73,0,9031,Gas,B,N
2/3/2023,7-eleven,56.36,0,3341,Gas,B,N
2/27/2023,7-eleven,10.87,0,2675,Gas,B,N
2/23/2023,7-eleven,95.64,0,2675,Gas,B,N
2/21/2023,7-eleven,51.96,0,1,Gas,B,N
2/20/2023,7-eleven,38.15,0,718,Gas,B,N
2/14/2023,7-eleven,63.28,0,9031,Gas,B,N
2/14/2023,7-eleven,36.54,0,2679,Gas,B,N
2/13/2023,7-eleven,28.94,0,3341,Gas,B,N
1/5/2023,7-eleven,61.35,0,3341,Gas,B,N
1/30/2023,7-eleven,95.73,0,2675,Gas,B,N
1/3/2023,7-eleven,0.22,0,2675,Gas,B,N
1/3/2023,7-eleven,51.82,0,2675,Gas,B,N
1/3/2023,7-eleven,12.44,0,3341,Gas,B,N
1/29/2023,7-eleven,40.55,0,9031,Gas,B,N
1/29/2023,7-eleven,28.82,0,9031,Gas,B,N
1/27/2023,7-eleven,15.82,0,9031,Gas,B,N
1/26/2023,7-eleven,81.67,0,3341,Gas,B,N
1/25/2023,7-eleven,62.11,0,718,Gas,B,N
1/24/2023,7-eleven,29.47,0,9031,Gas,B,N
1/18/2023,7-eleven,0.77,0,2675,Gas,B,N
1/17/2023,7-eleven,34.81,0,3341,Gas,B,N
1/16/2023,7-eleven,42.89,0,718,Gas,B,N
1/16/2023,7-eleven,54.62,0,2675,Gas,B,N
1/16/2023,7-eleven,62.19,0,3341,Gas,B,N
1/16/2023,7-eleven,7.33,0,9031,Gas,B,N
1/16/2023,7-eleven,66.31,0,2675,Gas,B,N
1/14/2023,7-eleven,115.32,0,9031,Gas,B,N
1/13/2023,7-eleven,39.36,0,3341,Gas,B,N
1/12/2023,7-eleven,88.64,0,2675,Gas,B,N
1/11/2023,7-eleven,15.89,0,3341,Gas,B,N
1/1/2023,7-eleven,52.03,0,1,Gas,B,N
4/6/2023,ABC,181.88,0,2679,Professional Service,P,N
5/9/2023,Adobe Acropro,21.64,0,718,Software,B,Y
4/9/2023,Adobe Acropro,21.64,0,718,Software,B,Y
3/9/2023,Adobe Acropro,21.64,0,718,Software,B,Y
2/9/2023,Adobe Acropro,21.64,0,718,Software,B,Y
1/9/2023,Adobe Acropro,21.64,0,718,Software,B,Y
5/2/2023,Advance Auto Parts,9.19,0,3341,Auto Maintenance,B,N
2/3/2023,Alamo Specialty Pharmacy,37.99,0,9031,Medical,B,N
3/28/2023,Alamo Specialty Pharmacy,25,0,9031,Medical,B,N
5/23/2023,Allstate,112.82,0,0,Insurance,B,Y
5/22/2023,Allstate,1893.33,0,1,Insurance,B,Y
5/22/2023,Allstate,117.38,0,718,Insurance,B,Y
3/20/2023,Allstate,1402.26,0,1,Insurance,B,Y
3/20/2023,Allstate,117.38,0,9031,Insurance,B,Y
1/30/2023,Allstate,1402.26,0,1,Insurance,B,Y
1/30/2023,Allstate,182.07,0,9031,Insurance,B,Y
4/27/2023,Ally,509.98,0,0,Loan,B,Y
3/28/2023,Ally,509.98,0,0,Loan,B,Y
2/28/2023,Ally,509.98,0,0,Loan,B,Y
1/27/2023,Ally,509.98,0,0,Loan,B,Y
5/28/2023,Amazon,16.18,0,9031,Supplies,B,N
5/27/2023,Amazon,153.71,0,9031,Supplies,B,N
5/11/2023,Amazon,8.61,0,9031,Supplies,B,N
5/11/2023,Amazon,37.76,0,9031,Supplies,B,N
5/11/2023,Amazon,11.9,0,9031,Supplies,B,N
5/10/2023,Amazon,189.66,0,9031,Supplies,B,N
5/10/2023,Amazon,8.76,0,9031,Supplies,B,N
5/9/2023,Amazon,45.43,0,9031,Supplies,B,N
5/3/2023,Amazon,16.23,0,9031,Supplies,B,N
4/28/2023,Amazon,16.18,0,9031,Supplies,B,N
4/3/2023,Amazon,16.23,0,9031,Supplies,B,N
4/25/2023,Amazon,28.13,0,9031,Supplies,B,N
1/17/2023,Amazon,21.63,0,9031,Supplies,B,N
1/15/2023,Amazon,43.29,0,9031,Supplies,B,N
1/15/2023,Amazon,46.53,0,9031,Supplies,B,N
1/10/2023,Amercian Bolt Company,79.73,0,3341,Professional Service,B,N
5/22/2023,American Express,575.89,0,0,Credit Card,B,Y
5/22/2023,American Express,329,0,0,Credit Card,B,Y
5/11/2023,American Express,572.02,0,0,Credit Card,B,Y
5/11/2023,American Express,398,0,0,Credit Card,B,Y
4/3/2023,American Express,492.64,0,0,Credit Card,B,Y
4/24/2023,American Express,554.27,0,0,Credit Card,B,Y
4/24/2023,American Express,329,0,0,Credit Card,B,Y
4/11/2023,American Express,492.98,0,0,Credit Card,B,Y
4/11/2023,American Express,398,0,0,Credit Card,B,Y
3/23/2023,American Express,329,0,0,Credit Card,B,Y
3/21/2023,American Express,292.55,0,0,Credit Card,B,Y
3/13/2023,American Express,495.74,0,0,Credit Card,B,Y
3/13/2023,American Express,398,0,0,Credit Card,B,Y
3/1/2023,American Express,495.74,0,0,Credit Card,B,Y
2/22/2023,American Express,495.74,0,0,Credit Card,B,Y
2/22/2023,American Express,329,0,0,Credit Card,B,Y
2/13/2023,American Express,520.03,0,0,Credit Card,B,Y
2/13/2023,American Express,398,0,0,Credit Card,B,Y
2/1/2023,American Express,519.5,0,0,Credit Card,B,Y
1/25/2023,American Express,535.8,0,0,Credit Card,B,Y
1/24/2023,American Express,329,0,0,Credit Card,B,Y
1/11/2023,American Express,495.64,0,0,Credit Card,B,Y
1/11/2023,American Express,398,0,0,Credit Card,B,Y
3/29/2023,American General,134.89,0,0,Insurance,B,Y
4/26/2023,Amtrust North America Inc,1831,0,718,Insurance,B,N
4/30/2023,Amys China Cuisine,69.13,0,9031,Food,P,N
5/29/2023,Apple,14.06,0,0718,Software,B,Y
5/26/2023,Apple,21.64,0,9031,Software,B,Y
5/26/2023,Apple,9.99,0,9031,Software,B,Y
5/25/2023,Apple,15,0,9031,Software,B,Y
5/24/2023,Apple,10,0,9031,Software,B,Y
5/24/2023,Apple,7.57,0,9031,Software,B,Y
5/20/2023,Apple,5.4,0,718,Software,B,Y
5/20/2023,Apple,21.64,0,9031,Software,B,Y
5/20/2023,Apple,11.9,0,9031,Software,B,Y
5/11/2023,Apple,7.57,0,9031,Software,B,Y
5/5/2023,Apple,2.99,0,718,Software,B,Y
5/1/2023,Apple,33.35,0,9031,Software,B,Y
4/30/2023,Apple,14.06,0,718,Software,B,Y
4/6/2023,Apple,96.34,0,9031,Software,B,Y
4/5/2023,Apple,2.99,0,718,Software,B,Y
4/26/2023,Apple,9.99,0,9031,Software,B,Y
4/25/2023,Apple,0,64.95,9031,Software,B,Y
4/24/2023,Apple,5.4,0,718,Software,B,Y
4/23/2023,Apple,92,0,9031,Software,B,Y
4/21/2023,Apple,41.11,0,9031,Software,B,Y
4/11/2023,Apple,7.57,0,9031,Software,B,Y
3/6/2023,Apple,2.99,0,718,Software,B,Y
3/4/2023,Apple,14.06,0,718,Software,B,Y
3/4/2023,Apple,31.36,0,9031,Software,B,Y
3/30/2023,Apple,16.23,0,9031,Software,B,Y
3/29/2023,Apple,14.06,0,718,Software,B,Y
3/27/2023,Apple,15.13,0,9031,Software,B,Y
3/26/2023,Apple,9.99,0,9031,Software,B,Y
3/23/2023,Apple,19.47,0,9031,Software,B,Y
3/11/2023,Apple,7.57,0,9031,Software,B,Y
2/9/2023,Apple,2.99,0,718,Software,B,Y
2/26/2023,Apple,9.99,0,9031,Software,B,Y
2/24/2023,Apple,7.57,0,9031,Software,B,Y
2/20/2023,Apple,22.71,0,9031,Software,B,Y
2/2/2023,Apple,14.06,0,718,Software,B,Y
2/11/2023,Apple,7.57,0,9031,Software,B,Y
1/8/2023,Apple,8.65,0,9031,Software,B,Y
1/5/2023,Apple,2.99,0,718,Software,B,Y
1/31/2023,Apple,31.36,0,9031,Software,B,Y
1/26/2023,Apple,9.99,0,9031,Software,B,Y
1/26/2023,Apple,7.57,0,9031,Software,B,Y
1/26/2023,Apple,11.9,0,9031,Software,B,Y
1/11/2023,Apple,7.57,0,9031,Software,B,Y
1/1/2023,Apple,14.06,0,718,Software,B,Y
5/26/2023,Ascension Personalized Care,385.59,0,9031,Software,B,Y
5/29/2023,AT&T,36.53,0,9031,Phones/Internet,B,Y
5/19/2023,AT&T,45.38,0,9031,Phones/Internet,B,Y
5/17/2023,AT&T,80,0,0,Phones/Internet,B,Y
5/13/2023,AT&T,77.83,0,9031,Phones/Internet,B,Y
5/8/2023,AT&T,174.68,0,0,Phones/Internet,B,Y
4/5/2023,AT&T,174.68,0,0,Phones/Internet,B,Y
4/27/2023,AT&T,831.91,0,0,Phones/Internet,B,Y
4/18/2023,AT&T,80,0,0,Phones/Internet,B,Y
4/15/2023,AT&T,21.89,0,9031,Phones/Internet,B,Y
3/8/2023,AT&T,174.68,0,0,Phones/Internet,B,Y
3/29/2023,AT&T,805.48,0,0,Phones/Internet,B,Y
3/21/2023,AT&T,80.42,0,0,Phones/Internet,B,Y
3/12/2023,AT&T,37.87,0,9031,Phones/Internet,B,Y
3/11/2023,AT&T,33.55,0,9031,Phones/Internet,B,Y
3/11/2023,AT&T,102.83,0,9031,Phones/Internet,B,Y
3/10/2023,AT&T,31.39,0,9031,Phones/Internet,B,Y
2/28/2023,AT&T,803.56,0,0,Phones/Internet,B,Y
2/27/2023,AT&T,194.6,0,9031,Phones/Internet,B,Y
2/24/2023,AT&T,34.63,0,9031,Phones/Internet,B,Y
2/19/2023,AT&T,55.73,0,9031,Phones/Internet,B,Y
2/19/2023,AT&T,111.97,0,9031,Phones/Internet,B,Y
2/17/2023,AT&T,80.42,0,0,Phones/Internet,B,Y
1/5/2023,AT&T,74.15,0,0,Phones/Internet,B,Y
1/27/2023,AT&T,796.55,0,0,Phones/Internet,B,Y
1/17/2023,AT&T,80,0,0,Phones/Internet,B,Y
1/14/2023,AT&T,40.84,0,9031,Phones/Internet,B,Y
4/5/2023,ATM,200,0,2675,Withdrawal,B,N
4/3/2023,ATM,200,0,9031,Withdrawal,B,N
4/3/2023,ATM,200,0,9031,Withdrawal,B,N
4/3/2023,ATM,315.9,0,0,Withdrawal,B,N
4/24/2023,ATM,102.25,0,9031,Withdrawal,B,N
4/13/2023,ATM,359.66,0,0,Withdrawal,B,N
2/10/2023,ATM,182.5,0,3341,Withdrawal,B,N
2/10/2023,ATM,200,0,9031,Withdrawal,B,N
1/3/2023,ATM,700,0,9031,Withdrawal,B,N
1/26/2023,ATM,520,0,9031,Withdrawal,B,N
1/14/2023,ATM,303.75,0,3341,Withdrawal,B,N
1/14/2023,ATM,200,0,2675,Withdrawal,B,N
5/17/2023,Austin Community College,256,0,3341,Recreational,P,N
5/24/2023,Automechanic Service,841.44,0,0,Auto Maintenance,B,N
2/28/2023,Automechanic Service,1609.56,0,3341,Auto Maintenance,B,N
1/10/2023,Autozone,54.1,0,2675,Auto Maintenance,B,N
5/21/2023,Bahama Bucks,11.89,0,9031,Food,P,N
5/3/2023,Bank of America,877.05,0,0,Credit Card,B,Y
4/5/2023,Bank of America,877.05,0,0,Credit Card,B,Y
3/3/2023,Bank of America,877.05,0,0,Credit Card,B,Y
2/3/2023,Bank of America,877.05,0,0,Credit Card,B,Y
1/5/2023,Bank of America,877.05,0,0,Credit Card,B,Y
5/28/2023,Barton Creek Mall,7.83,0,0,Credit Card,B,Y
5/7/2023,Bath and Body Works,65.21,0,9031,Recreational,P,N
5/27/2023,Baylor Scott & White Health,410.03,0,0,Medical,B,N
5/11/2023,BBB,80,0,3341,Marketing,B,Y
4/11/2023,BBB,80,0,3341,Marketing,B,Y
3/11/2023,BBB,80,0,3341,Marketing,B,Y
2/11/2023,BBB,80,0,3341,Marketing,B,Y
1/11/2023,BBB,80,0,3341,Marketing,B,Y
5/27/2023,Berrett Pest Control,60.62,0,0001,Professional Service,P,Y
4/26/2023,Berrett Pest Control,123.41,0,1,Professional Service,P,Y
4/25/2023,Berrett Pest Control,107.17,0,1,Professional Service,P,Y
4/25/2023,Berrett Pest Control,64.95,0,1,Professional Service,P,Y
1/17/2023,Big Red Express,15,0,3341,Auto Maintenance,B,N
4/28/2023,Boulevard Bagel,35.82,0,3341,Food,P,N
4/24/2023,Breed & Co,6.29,0,3341,Supplies,B,N
5/23/2023,Buc-ees,22.6,0,9031,Gas,B,N
5/6/2023,Buc-ees,16.96,0,9031,Gas,B,N
4/11/2023,Buc-ees,33.18,0,2675,Gas,B,N
3/29/2023,Buc-ees,33.12,0,9031,Gas,B,N
3/29/2023,Buc-ees,25.8,0,9031,Gas,B,N
3/18/2023,Buc-ees,25.53,0,9031,Gas,B,N
5/5/2023,Business Insurance,672.5,0,0,Insurance,B,Y
4/5/2023,Business Insurance,672.5,0,0,Insurance,B,Y
3/6/2023,Business Insurance,672.5,0,0,Insurance,B,Y
1/10/2023,Business Insurance,1982.5,0,0,Insurance,B,Y
5/16/2023,Capital One,500,0,0,Credit Card,B,Y
5/3/2023,Capital One,400,0,0,Credit Card,B,Y
4/4/2023,Capital One,400,0,0,Credit Card,B,Y
4/17/2023,Capital One,500,0,0,Credit Card,B,Y
3/3/2023,Capital One,400,0,0,Credit Card,B,Y
3/15/2023,Capital One,500,0,0,Credit Card,B,Y
2/3/2023,Capital One,400,0,0,Credit Card,B,Y
2/15/2023,Capital One,500,0,0,Credit Card,B,Y
1/3/2023,Capital One,400,0,0,Credit Card,B,Y
1/17/2023,Capital One,500,0,0,Credit Card,B,Y
5/17/2023,Chase Credit,400,0,0,Credit Card,B,Y
4/17/2023,Chase Credit,400,0,0,Credit Card,B,Y
3/17/2023,Chase Credit,400,0,0,Credit Card,B,Y
2/17/2023,Chase Credit,400,0,0,Credit Card,B,Y
1/17/2023,Chase Credit,400,0,0,Credit Card,B,Y
5/26/2023,Check,150,0,0,Labor,B,N
5/26/2023,Check,200,0,0,Labor,B,N
5/25/2023,Check,770.03,0,0,Labor,B,N
5/24/2023,Check,1150,0,0,Labor,B,N
5/24/2023,Check,1750,0,0,Labor,B,N
5/22/2023,Check,3000,0,0,Labor,B,N
5/22/2023,Check,200,0,0,Labor,B,N
5/22/2023,Check,701.15,0,0,Labor,B,N
5/22/2023,Check,277.05,0,0,Labor,B,N
5/22/2023,Check,0,4758.68,0,Labor,B,N
5/22/2023,Check,1230.41,0,0,Labor,B,N
5/20/2023,Check,675.33,0,0,Labor,B,N
5/20/2023,Check,675.33,0,0,Labor,B,N
5/19/2023,Check,100,0,0,Labor,B,N
5/19/2023,Check,2003,0,0,Labor,B,N
5/19/2023,Check,1640,0,0,Labor,B,N
5/19/2023,Check,5775,0,0,Labor,B,N
5/19/2023,Check,0,2097,0,Labor,B,N
5/18/2023,Check,1459.07,0,0,Labor,B,N
5/18/2023,Check,1550,0,0,Labor,B,N
5/18/2023,Check,1442,0,0,Labor,B,N
5/18/2023,Check,2500,0,0,Labor,B,N
5/18/2023,Check,2477.98,0,0,Labor,B,N
5/18/2023,Check,2500,0,0,Labor,B,N
5/17/2023,Check,1680,0,0,Labor,B,N
5/17/2023,Check,1800,0,0,Labor,B,N
5/17/2023,Check,848,0,0,Labor,B,N
5/16/2023,Check,130,0,0,Labor,B,N
5/16/2023,Check,2400,0,0,Labor,B,N
5/16/2023,Check,1103,0,0,Labor,B,N
5/16/2023,Check,0,9937.31,0,Labor,B,N
5/11/2023,Check,0,1244.88,0,Labor,B,N
5/9/2023,Check,1500,0,0,Labor,B,N
5/9/2023,Check,3200,0,0,Labor,B,N
5/9/2023,Check,690,0,0,Labor,B,N
5/9/2023,Check,0,3680.5,0,Labor,B,N
5/9/2023,Check,0,7263.58,0,Labor,B,N
5/9/2023,Check,770.04,0,0,Labor,B,N
5/9/2023,Check,0,2208,0,Labor,B,N
5/5/2023,Check,311.23,0,0,Labor,B,N
5/5/2023,Check,1750,0,0,Labor,B,N
5/5/2023,Check,675.34,0,0,Labor,B,N
5/5/2023,Check,1568.24,0,0,Labor,B,N
5/5/2023,Check,675.34,0,0,Labor,B,N
5/5/2023,Check,0,2530.64,0,Labor,B,N
5/5/2023,Check,0,7739.88,0,Labor,B,N
5/4/2023,Check,1247.73,0,0,Labor,B,N
5/4/2023,Check,1459.07,0,0,Labor,B,N
5/4/2023,Check,0,1337.08,0,Labor,B,N
5/4/2023,Check,0,920.13,0,Labor,B,N
5/3/2023,Check,425,0,0,Labor,B,N
5/3/2023,Check,1322.53,0,0,Labor,B,N
5/3/2023,Check,0,1497.1,0,Labor,B,N
5/3/2023,Check,2100,0,0,Labor,B,N
5/3/2023,Check,1550,0,0,Labor,B,N
5/3/2023,Check,0,1497.1,0,Labor,B,N
5/2/2023,Check,1680,0,0,Labor,B,N
5/2/2023,Check,848,0,0,Labor,B,N
5/2/2023,Check,1800,0,0,Labor,B,N
5/2/2023,Check,277.05,0,0,Labor,B,N
5/2/2023,Check,2300,0,0,Labor,B,N
5/2/2023,Check,1542,0,0,Labor,B,N
5/2/2023,Check,1103,0,0,Labor,B,N
5/1/2023,Check,2500,0,0,Labor,B,N
5/1/2023,Check,0,2500,0,Labor,B,N
5/1/2023,Check,0,19474.51,0,Labor,B,N
5/1/2023,Check,2500,0,0,Labor,B,N
5/1/2023,Check,0,4700,0,Labor,B,N
4/7/2023,Check,5775,0,0,Labor,B,N
4/5/2023,Check,1409.07,0,0,Labor,B,N
4/5/2023,Check,770.04,0,0,Labor,B,N
4/4/2023,Check,1582.75,0,0,Labor,B,N
4/4/2023,Check,2500,0,0,Labor,B,N
4/4/2023,Check,1660,0,0,Labor,B,N
4/4/2023,Check,1750,0,0,Labor,B,N
4/4/2023,Check,2250,0,0,Labor,B,N
4/4/2023,Check,1322.53,0,0,Labor,B,N
4/4/2023,Check,1848,0,0,Labor,B,N
4/4/2023,Check,2432.98,0,0,Labor,B,N
4/4/2023,Check,135,0,0,Labor,B,N
4/4/2023,Check,1550,0,0,Labor,B,N
4/3/2023,Check,848,0,0,Labor,B,N
4/3/2023,Check,235,0,0,Labor,B,N
4/3/2023,Check,425,0,0,Labor,B,N
4/3/2023,Check,2320,0,0,Labor,B,N
4/3/2023,Check,675.34,0,0,Labor,B,N
4/3/2023,Check,675.34,0,0,Labor,B,N
4/3/2023,Check,1203,0,0,Labor,B,N
4/3/2023,Check,1568.24,0,0,Labor,B,N
4/3/2023,Check,1393.79,0,0,Labor,B,N
4/24/2023,Check,200,0,0,Labor,B,N
4/22/2023,Check,3203,0,0,Labor,B,N
4/22/2023,Check,675.33,0,0,Labor,B,N
4/21/2023,Check,425,0,0,Labor,B,N
4/21/2023,Check,277.05,0,0,Labor,B,N
4/21/2023,Check,1568.24,0,0,Labor,B,N
4/21/2023,Check,675.33,0,0,Labor,B,N
4/21/2023,Check,7082.02,0,0,Labor,B,N
4/20/2023,Check,425,0,0,Labor,B,N
4/20/2023,Check,1165.38,0,0,Labor,B,N
4/19/2023,Check,848,0,0,Labor,B,N
4/19/2023,Check,2620,0,0,Labor,B,N
4/18/2023,Check,1322.53,0,0,Labor,B,N
4/17/2023,Check,1550,0,0,Labor,B,N
4/14/2023,Check,2500,0,0,Labor,B,N
4/14/2023,Check,1100,0,0,Labor,B,N
4/12/2023,Check,1000,0,0,Labor,B,N
4/10/2023,Check,200,0,0,Labor,B,N
3/9/2023,Check,250,0,0,Labor,B,N
3/9/2023,Check,1309.5,0,0,Labor,B,N
3/7/2023,Check,1000,0,0,Labor,B,N
3/6/2023,Check,2432.98,0,0,Labor,B,N
3/6/2023,Check,450,0,0,Labor,B,N
3/6/2023,Check,2500,0,0,Labor,B,N
3/6/2023,Check,277.05,0,0,Labor,B,N
3/6/2023,Check,1550,0,0,Labor,B,N
3/3/2023,Check,250.11,0,0,Labor,B,N
3/3/2023,Check,1858.21,0,0,Labor,B,N
3/3/2023,Check,1692,0,0,Labor,B,N
3/3/2023,Check,2320,0,0,Labor,B,N
3/3/2023,Check,675.34,0,0,Labor,B,N
3/3/2023,Check,675.34,0,0,Labor,B,N
3/3/2023,Check,848,0,0,Labor,B,N
3/29/2023,Check,1103,0,0,Labor,B,N
3/29/2023,Check,2500,0,0,Labor,B,N
3/29/2023,Check,277.05,0,0,Labor,B,N
3/29/2023,Check,1703,0,0,Labor,B,N
3/27/2023,Check,3200,0,0,Labor,B,N
3/27/2023,Check,3800,0,0,Labor,B,N
3/24/2023,Check,4161,0,0,Labor,B,N
3/22/2023,Check,92.82,0,0,Labor,B,N
3/21/2023,Check,1750,0,0,Labor,B,N
3/21/2023,Check,425,0,0,Labor,B,N
3/20/2023,Check,1442,0,0,Labor,B,N
3/20/2023,Check,2400,0,0,Labor,B,N
3/20/2023,Check,1910.21,0,0,Labor,B,N
3/20/2023,Check,277.05,0,0,Labor,B,N
3/20/2023,Check,2080,0,0,Labor,B,N
3/20/2023,Check,2000,0,0,Labor,B,N
3/2/2023,Check,1860,0,0,Labor,B,N
3/2/2023,Check,1848,0,0,Labor,B,N
3/2/2023,Check,1568.24,0,0,Labor,B,N
3/18/2023,Check,675.33,0,0,Labor,B,N
3/18/2023,Check,2500,0,0,Labor,B,N
3/18/2023,Check,675.33,0,0,Labor,B,N
3/17/2023,Check,1309.49,0,0,Labor,B,N
3/17/2023,Check,1512,0,0,Labor,B,N
3/17/2023,Check,848,0,0,Labor,B,N
3/17/2023,Check,115,0,0,Labor,B,N
3/16/2023,Check,1322.53,0,0,Labor,B,N
3/16/2023,Check,1540,0,0,Labor,B,N
3/13/2023,Check,260,0,0,Labor,B,N
3/10/2023,Check,2092.27,0,0,Labor,B,N
3/10/2023,Check,770.04,0,0,Labor,B,N
2/3/2023,Check,848,0,0,Labor,B,N
2/3/2023,Check,1550,0,0,Labor,B,N
2/3/2023,Check,2200,0,0,Labor,B,N
2/28/2023,Check,1000,0,0,Labor,B,N
2/28/2023,Check,500,0,0,Labor,B,N
2/28/2023,Check,2500,0,0,Labor,B,N
2/28/2023,Check,2500,0,0,Labor,B,N
2/27/2023,Check,1915.5,0,0,Labor,B,N
2/27/2023,Check,1309.49,0,0,Labor,B,N
2/27/2023,Check,3000,0,0,Labor,B,N
2/27/2023,Check,277.05,0,0,Labor,B,N
2/27/2023,Check,3087.5,0,0,Labor,B,N
2/27/2023,Check,8500,0,0,Labor,B,N
2/24/2023,Check,770.04,0,0,Labor,B,N
2/24/2023,Check,675.33,0,0,Labor,B,N
2/24/2023,Check,675.33,0,0,Labor,B,N
2/23/2023,Check,500,0,0,Labor,B,N
2/22/2023,Check,680.21,0,0,Labor,B,N
2/22/2023,Check,5850,0,0,Labor,B,N
2/21/2023,Check,2950,0,0,Labor,B,N
2/21/2023,Check,1442,0,0,Labor,B,N
2/21/2023,Check,1094.15,0,0,Labor,B,N
2/21/2023,Check,1750,0,0,Labor,B,N
2/21/2023,Check,1100,0,0,Labor,B,N
2/21/2023,Check,2440,0,0,Labor,B,N
2/21/2023,Check,1550,0,0,Labor,B,N
2/2/2023,Check,2700,0,0,Labor,B,N
2/2/2023,Check,675.34,0,0,Labor,B,N
2/2/2023,Check,675.34,0,0,Labor,B,N
2/18/2023,Check,3087.5,0,0,Labor,B,N
2/17/2023,Check,2016,0,0,Labor,B,N
2/17/2023,Check,848,0,0,Labor,B,N
2/17/2023,Check,1720,0,0,Labor,B,N
2/14/2023,Check,100,0,0,Labor,B,N
1/5/2023,Check,7900,0,0,Labor,B,N
1/5/2023,Check,1660,0,0,Labor,B,N
1/4/2023,Check,1750,0,0,Labor,B,N
1/4/2023,Check,933.14,0,0,Labor,B,N
1/31/2023,Check,1568.24,0,0,Labor,B,N
1/31/2023,Check,1850,0,0,Labor,B,N
1/30/2023,Check,277.05,0,0,Labor,B,N
1/3/2023,Check,150,0,0,Labor,B,N
1/3/2023,Check,1557.67,0,0,Labor,B,N
1/3/2023,Check,2411.83,0,0,Labor,B,N
1/3/2023,Check,1302,0,0,Labor,B,N
1/3/2023,Check,848,0,0,Labor,B,N
1/3/2023,Check,2072,0,0,Labor,B,N
1/3/2023,Check,277.05,0,0,Labor,B,N
1/3/2023,Check,1584,0,0,Labor,B,N
1/3/2023,Check,2000,0,0,Labor,B,N
1/26/2023,Check,2500,0,0,Labor,B,N
1/25/2023,Check,7802.15,0,0,Labor,B,N
1/24/2023,Check,6066,0,0,Labor,B,N
1/18/2023,Check,565.07,0,0,Labor,B,N
1/18/2023,Check,812.21,0,0,Labor,B,N
1/18/2023,Check,2677,0,0,Labor,B,N
1/18/2023,Check,1534.15,0,0,Labor,B,N
1/18/2023,Check,740,0,0,Labor,B,N
1/18/2023,Check,2432.98,0,0,Labor,B,N
1/18/2023,Check,1309.49,0,0,Labor,B,N
1/18/2023,Check,3120,0,0,Labor,B,N
1/18/2023,Check,2650,0,0,Labor,B,N
1/17/2023,Check,1660,0,0,Labor,B,N
1/17/2023,Check,848,0,0,Labor,B,N
1/17/2023,Check,1100,0,0,Labor,B,N
1/17/2023,Check,1568.24,0,0,Labor,B,N
1/17/2023,Check,277.05,0,0,Labor,B,N
1/17/2023,Check,675.33,0,0,Labor,B,N
1/17/2023,Check,1584,0,0,Labor,B,N
1/17/2023,Check,1550,0,0,Labor,B,N
1/13/2023,Check,675.33,0,0,Labor,B,N
1/13/2023,Check,675.33,0,0,Labor,B,N
5/23/2023,Chevron,60.42,0,0001,Gas,B,N
5/9/2023,Chevron,85.38,0,3341,Gas,B,N
5/7/2023,Chevron,32.3,0,3341,Gas,B,N
5/2/2023,Chevron,111.49,0,2675,Gas,B,N
5/2/2023,Chevron,5.93,0,2675,Gas,B,N
3/29/2023,Chevron,67.98,0,3341,Gas,B,N
3/22/2023,Chevron,68.85,0,3341,Gas,B,N
2/8/2023,Chevron,29.82,0,3341,Gas,B,N
2/14/2023,Chevron,95.07,0,3341,Gas,B,N
1/2/2023,Chevron,52.09,0,2675,Gas,B,N
5/8/2023,Chick-Fil-A,54.6,0,9031,Food,P,N
5/6/2023,Chick-Fil-A,45.72,0,9031,Food,P,N
1/5/2023,Chick-Fil-A,52.18,0,9031,Food,P,N
1/15/2023,Chick-Fil-A,9.36,0,9031,Food,P,N
5/6/2023,Circle K,60.97,0,2675,Gas,B,N
4/6/2023,Circle K,52.01,0,2679,Gas,B,N
4/26/2023,Circle K,12.83,0,9031,Gas,B,N
4/25/2023,Circle K,74,0,2675,Gas,B,N
4/22/2023,Circle K,91.37,0,9031,Gas,B,N
3/4/2023,Circle K,97.94,0,2675,Gas,B,N
3/31/2023,Circle K,72.58,0,2675,Gas,B,N
3/27/2023,Circle K,25.2,0,2675,Gas,B,N
3/25/2023,Circle K,60.88,0,1,Gas,B,N
3/21/2023,Circle K,74,0,2675,Gas,B,N
2/10/2023,Circle K,75.09,0,9031,Gas,B,N
1/8/2023,Circle K,40.28,0,718,Gas,B,N
1/4/2023,Circle K,16.63,0,9031,Gas,B,N
1/25/2023,Circle K,32.37,0,9031,Gas,B,N
1/25/2023,Circle K,65.63,0,9031,Gas,B,N
1/13/2023,Circle K,17.79,0,9031,Gas,B,N
5/18/2023,Citi,29,0,0,Credit Card,B,Y
5/17/2023,Citi,436.12,0,0,Credit Card,B,Y
5/2/2023,Citi,63.76,0,0,Credit Card,B,Y
5/2/2023,Citi,66.67,0,1,Credit Card,B,Y
4/4/2023,Citi,63.76,0,0,Credit Card,B,Y
4/3/2023,Citi,66.67,0,1,Credit Card,B,Y
4/18/2023,Citi,408.23,0,0,Credit Card,B,Y
4/18/2023,Citi,29,0,0,Credit Card,B,Y
3/21/2023,Citi,477.98,0,0,Credit Card,B,Y
3/20/2023,Citi,29,0,0,Credit Card,B,Y
3/2/2023,Citi,63.76,0,0,Credit Card,B,Y
2/21/2023,Citi,29,0,0,Credit Card,B,Y
2/17/2023,Citi,1306.23,0,0,Credit Card,B,Y
1/26/2023,Citi,1306.23,0,0,Credit Card,B,Y
1/25/2023,Citizens,191.28,0,0,Loan,B,Y
1/5/2023,City of Austin,133.88,0,0,Utilities,B,Y
5/23/2023,City of Cedar Park,90.89,0,0001,Utilities,B,Y
4/25/2023,City of Cedar Park,70.44,0,1,Utilities,B,Y
3/14/2023,City of Cedar Park,215.52,0,1,Utilities,B,Y
5/24/2023,City of Leander,193.05,0,9031,Utilities,B,Y
5/4/2023,Clear Choice Eyecare,107,0,2675,Utilities,B,Y
5/4/2023,Clear Choice Eyecare,458,0,1,Utilities,B,Y
5/8/2023,Collectors Crossroads,71.42,0,9031,Fee,B,N
1/11/2023,Colorado County,16.8,0,3341,Fee,B,N
1/11/2023,Colorado County,336,0,3341,Fee,B,N
5/1/2023,Costco,144.06,0,9031,Groceries,P,N
4/6/2023,Costco,90.93,0,718,Groceries,P,N
4/22/2023,Costco,212.04,0,9031,Groceries,P,N
4/2/2023,Costco,102.1,0,9031,Groceries,P,N
4/11/2023,Costco,57.94,0,9031,Groceries,P,N
3/21/2023,Costco,146.16,0,9031,Groceries,P,N
3/14/2023,Costco,147.39,0,9031,Groceries,P,N
3/14/2023,Costco,27.78,0,9031,Groceries,P,N
2/26/2023,Costco,148.74,0,9031,Groceries,P,N
4/30/2023,Costco Gas,58.42,0,9031,Gas,B,N
2/18/2023,Costco Gas,31.18,0,2679,Gas,B,N
4/12/2023,Craigos Pizza,25.42,0,3341,Food,P,N
5/8/2023,Crate & Barrel,140,0,0,Credit Card,B,Y
4/6/2023,Crate & Barrel,147,0,0,Credit Card,B,Y
3/6/2023,Crate & Barrel,313,0,0,Credit Card,B,Y
1/6/2023,Crate & Barrel,147,0,0,Credit Card,B,Y
5/1/2023,Credit One,200,0,0,Credit Card,B,Y
4/27/2023,Credit One,300,0,0,Credit Card,B,Y
1/31/2023,Credit One,100,0,0,Credit Card,B,Y
1/30/2023,Credit One,100,0,0,Credit Card,B,Y
4/15/2023,Cricket Wierless,102,0,3341,Phones/Internet,B,Y
5/4/2023,Crossroads Utilities,35.43,0,718,Utilities,B,Y
4/4/2023,Crossroads Utilities,35.93,0,718,Utilities,B,Y
3/12/2023,Crossroads Utilities,222.54,0,718,Utilities,B,Y
2/3/2023,Crossroads Utilities,38.94,0,718,Utilities,B,Y
1/4/2023,Crossroads Utilities,37.69,0,718,Utilities,B,Y
5/21/2023,CSC Servicework,2,0,2679,Utilities,B,Y
5/25/2023,CVS Pharmacy,101.27,0,9031,Medical,B,N
5/21/2023,CVS Pharmacy,63.08,0,9031,Medical,B,N
5/10/2023,CVS Pharmacy,15.8,0,9031,Medical,B,N
5/3/2023,CVS Pharmacy,19.8,0,3341,Medical,B,N
5/2/2023,CVS Pharmacy,154.17,0,9031,Medical,B,N
4/29/2023,CVS Pharmacy,27.31,0,9031,Medical,B,N
4/6/2023,CVS Pharmacy,118.76,0,9031,Medical,B,N
4/11/2023,CVS Pharmacy,180.04,0,9031,Medical,B,N
5/24/2023,Deposit,0,2130,0,Revenue,B,N
2/22/2023,Deposit,0,10.81,9031,Revenue,B,N
5/22/2023,Deposit,0,4784,0,Revenue,B,N
5/22/2023,Deposit,0,2382.95,0,Revenue,B,N
5/19/2023,Deposit,0,44121,0,Revenue,B,N
5/18/2023,Deposit,0,108.93,0,Revenue,B,N
5/17/2023,Deposit,0,16394.82,0,Revenue,B,N
5/9/2023,Deposit,0,531.14,0,Revenue,B,N
5/9/2023,Deposit,0,2048.88,1,Revenue,B,N
5/5/2023,Deposit,0,1194.72,0,Revenue,B,N
5/4/2023,Deposit,0,2872.66,0,Revenue,B,N
4/28/2023,Deposit,0,4160,0,Revenue,B,N
4/7/2023,Deposit,0,0.98,0,Revenue,B,N
4/7/2023,Deposit,0,3722,0,Revenue,B,N
4/7/2023,Deposit,0,6883.87,0,Revenue,B,N
4/6/2023,Deposit,0,1244.88,0,Revenue,B,N
4/5/2023,Deposit,0,549.91,0,Revenue,B,N
4/3/2023,Deposit,0,37550.34,0,Revenue,B,N
4/27/2023,Deposit,0,98.96,0,Revenue,B,N
4/24/2023,Deposit,0,2165,0,Revenue,B,N
4/22/2023,Deposit,0,1664,0,Revenue,B,N
4/21/2023,Deposit,0,1558.8,0,Revenue,B,N
4/21/2023,Deposit,0,46240.28,0,Revenue,B,N
4/20/2023,Deposit,0,1244.88,0,Revenue,B,N
4/20/2023,Deposit,0,1463.54,0,Revenue,B,N
4/19/2023,Deposit,0,4450,0,Revenue,B,N
4/19/2023,Deposit,0,378.88,0,Revenue,B,N
4/19/2023,Deposit,0,3000,0,Revenue,B,N
4/19/2023,Deposit,0,101.46,0,Revenue,B,N
4/18/2023,Deposit,0,2629.04,0,Revenue,B,N
4/17/2023,Deposit,0,2382.95,0,Revenue,B,N
4/13/2023,Deposit,0,1828.75,0,Revenue,B,N
4/13/2023,Deposit,0,0.01,0,Revenue,B,N
4/13/2023,Deposit,0,2048.88,1,Revenue,B,N
4/11/2023,Deposit,0,2701.92,0,Revenue,B,N
4/11/2023,Deposit,0,1125.8,0,Revenue,B,N
4/10/2023,Deposit,0,5488.95,0,Revenue,B,N
4/10/2023,Deposit,0,5942.93,0,Revenue,B,N
3/9/2023,Deposit,0,1104,0,Revenue,B,N
3/9/2023,Deposit,0,2382.95,0,Revenue,B,N
3/8/2023,Deposit,0,1244.88,0,Revenue,B,N
3/8/2023,Deposit,0,467.64,0,Revenue,B,N
3/6/2023,Deposit,0,1190.75,0,Revenue,B,N
3/6/2023,Deposit,0,519.6,0,Revenue,B,N
3/6/2023,Deposit,0,519.6,0,Revenue,B,N
3/6/2023,Deposit,0,487.13,0,Revenue,B,N
3/4/2023,Deposit,0,2417.23,0,Revenue,B,N
3/31/2023,Deposit,0,2354.44,0,Revenue,B,N
3/3/2023,Deposit,0,15354.71,0,Revenue,B,N
3/3/2023,Deposit,0,2165,0,Revenue,B,N
3/29/2023,Deposit,0,15132.48,0,Revenue,B,N
3/27/2023,Deposit,0,4056.5,0,Revenue,B,N
3/24/2023,Deposit,0,9681.24,0,Revenue,B,N
3/23/2023,Deposit,0,2588.26,0,Revenue,B,N
3/22/2023,Deposit,0,623.52,0,Revenue,B,N
3/21/2023,Deposit,0,1840.25,0,Revenue,B,N
3/21/2023,Deposit,0,102.32,0,Revenue,B,N
3/20/2023,Deposit,0,3090.54,0,Revenue,B,N
3/20/2023,Deposit,0,19316.82,0,Revenue,B,N
3/2/2023,Deposit,0,3351.42,0,Revenue,B,N
3/2/2023,Deposit,0,2961.72,0,Revenue,B,N
3/18/2023,Deposit,0,10715.12,0,Revenue,B,N
3/17/2023,Deposit,0,4784,0,Revenue,B,N
3/16/2023,Deposit,0,243.56,0,Revenue,B,N
3/15/2023,Deposit,0,2048.88,1,Revenue,B,N
3/14/2023,Deposit,0,2302.48,0,Revenue,B,N
3/14/2023,Deposit,0,1169.1,0,Revenue,B,N
3/13/2023,Deposit,0,3476.98,0,Revenue,B,N
3/11/2023,Deposit,0,1104,0,Revenue,B,N
3/10/2023,Deposit,0,19019.29,0,Revenue,B,N
3/1/2023,Deposit,0,101.46,0,Revenue,B,N
2/9/2023,Deposit,0,2048.88,1,Revenue,B,N
2/28/2023,Deposit,0,5304.25,0,Revenue,B,N
2/27/2023,Deposit,0,15132.48,0,Revenue,B,N
2/27/2023,Deposit,0,9934.1,0,Revenue,B,N
2/24/2023,Deposit,0,8736,0,Revenue,B,N
2/24/2023,Deposit,0,1690.95,0,Revenue,B,N
2/23/2023,Deposit,0,827.22,0,Revenue,B,N
2/22/2023,Deposit,0,8185.86,0,Revenue,B,N
2/22/2023,Deposit,0,12.94,0,Revenue,B,N
2/22/2023,Deposit,0,85.99,0,Revenue,B,N
2/21/2023,Deposit,0,243.56,0,Revenue,B,N
2/21/2023,Deposit,0,3832.05,0,Revenue,B,N
2/21/2023,Deposit,0,9203.42,0,Revenue,B,N
2/2/2023,Deposit,0,135.31,0,Revenue,B,N
2/18/2023,Deposit,0,8367.73,0,Revenue,B,N
2/17/2023,Deposit,0,1474.45,0,Revenue,B,N
2/17/2023,Deposit,0,1920,0,Revenue,B,N
2/17/2023,Deposit,0,3844.75,0,Revenue,B,N
2/13/2023,Deposit,0,3620.96,0,Revenue,B,N
2/11/2023,Deposit,0,5087.75,0,Revenue,B,N
2/10/2023,Deposit,0,3851.54,0,Revenue,B,N
1/9/2023,Deposit,0,487.13,0,Revenue,B,N
1/9/2023,Deposit,0,2382.95,0,Revenue,B,N
1/7/2023,Deposit,0,6029.53,0,Revenue,B,N
1/5/2023,Deposit,0,105.48,0,Revenue,B,N
1/4/2023,Deposit,0,893.06,0,Revenue,B,N
1/4/2023,Deposit,0,571.56,0,Revenue,B,N
1/4/2023,Deposit,0,571.56,0,Revenue,B,N
1/4/2023,Deposit,0,2048.88,0,Revenue,B,N
1/30/2023,Deposit,0,15132.48,0,Revenue,B,N
1/30/2023,Deposit,0,571.56,0,Revenue,B,N
1/30/2023,Deposit,0,571.56,0,Revenue,B,N
1/3/2023,Deposit,0,2054.59,0,Revenue,B,N
1/27/2023,Deposit,0,70.36,0,Revenue,B,N
1/27/2023,Deposit,0,15865.3,0,Revenue,B,N
1/25/2023,Deposit,0,1714.68,0,Revenue,B,N
1/24/2023,Deposit,0,23483.06,0,Revenue,B,N
1/24/2023,Deposit,0,857.34,1,Revenue,B,N
1/20/2023,Deposit,0,185,0,Revenue,B,N
1/18/2023,Deposit,0,106.01,0,Revenue,B,N
1/17/2023,Deposit,0,15904.67,0,Revenue,B,N
1/14/2023,Deposit,0,200,2675,Revenue,B,N
1/13/2023,Deposit,0,3950,0,Revenue,B,N
1/13/2023,Deposit,0,6273.09,0,Revenue,B,N
1/12/2023,Deposit,0,6973.44,0,Revenue,B,N
1/11/2023,Deposit,0,2048.88,1,Revenue,B,N
1/10/2023,Deposit,0,963.34,0,Revenue,B,N
5/23/2023,Discover,656.2,0,0,Credit Card,B,Y
5/17/2023,Discover,495,0,0,Credit Card,B,Y
4/24/2023,Discover,656.2,0,0,Credit Card,B,Y
4/13/2023,Discover,500,0,0,Credit Card,B,Y
3/24/2023,Discover,656.2,0,0,Credit Card,B,Y
3/15/2023,Discover,486.32,0,0,Credit Card,B,Y
3/15/2023,Discover,484.86,0,0,Credit Card,B,Y
2/22/2023,Discover,656.2,0,0,Credit Card,B,Y
2/15/2023,Discover,500,0,0,Credit Card,B,Y
2/13/2023,Discover,287.83,0,0,Credit Card,B,Y
1/26/2023,Discover,656.2,0,0,Credit Card,B,Y
1/17/2023,Discover,500,0,0,Credit Card,B,Y
1/13/2023,Discover,186.56,0,0,Credit Card,B,Y
3/29/2023,Dog Waste Depot,286.94,0,3341,Supplies,B,N
5/8/2023,Dollar General,17.48,0,9031,Recreational,P,N
3/21/2023,Domain Name,265,0,1,Software,B,Y
5/21/2023,Doordash,25.17,0,9031,Software,B,N
1/15/2023,Doordash Dashpass,9.99,0,9031,Food,P,N
1/4/2023,eBay,238.1,0,9031,Supplies,B,N
5/4/2023,El Pollo Rico,41.21,0,9031,Food,P,N
4/16/2023,Express Food Mart,41.33,0,3341,Food,P,N
4/13/2023,Express Food Mart,58.37,0,3341,Food,P,N
4/10/2023,Express Food Mart,49.53,0,2675,Food,P,N
3/14/2023,Express Food Mart,60,0,2675,Food,P,N
1/10/2023,Express Food Mart,45.99,0,2675,Food,P,N
4/14/2023,Farmers Insurance,739.24,0,0,Insurance,B,Y
3/14/2023,Farmers Insurance,1535.1,0,0,Insurance,B,Y
1/5/2023,Farmers Insurance,666,0,0,Insurance,B,Y
1/17/2023,Farmers Insurance,682.74,0,0,Insurance,B,Y
3/5/2023,Fedex,8.11,0,1,Professional Service,B,N
3/2/2023,Fedex,12.06,0,1,Professional Service,B,N
3/1/2023,Fedex,5.94,0,1,Professional Service,B,N
5/22/2023,Fee,69.36,0,0,Fee,B,N
5/20/2023,Fee,34,0,0,Fee,B,N
5/20/2023,Fee,34,0,0,Fee,B,N
5/20/2023,Fee,34,0,0,Fee,B,N
5/20/2023,Fee,34,0,0,Fee,B,N
5/19/2023,Fee,1501.74,0,0,Fee,B,N
5/18/2023,Fee,34,0,0,Fee,B,N
5/18/2023,Fee,34,0,0,Fee,B,N
5/18/2023,Fee,34,0,0,Fee,B,N
5/18/2023,Fee,34,0,0,Fee,B,N
5/17/2023,Fee,34,0,0,Fee,B,N
5/17/2023,Fee,34,0,0,Fee,B,N
5/17/2023,Fee,34,0,0,Fee,B,N
5/17/2023,Fee,34,0,0,Fee,B,N
5/17/2023,Fee,34,0,0,Fee,B,N
5/17/2023,Fee,34,0,0,Fee,B,N
5/17/2023,Fee,34,0,0,Fee,B,N
5/17/2023,Fee,34,0,0,Fee,B,N
5/17/2023,Fee,34,0,0,Fee,B,N
5/17/2023,Fee,34,0,0,Fee,B,N
5/17/2023,Fee,34,0,0,Fee,B,N
5/17/2023,Fee,34,0,0,Fee,B,N
5/17/2023,Fee,34,0,0,Fee,B,N
5/17/2023,Fee,34,0,0,Fee,B,N
5/17/2023,Fee,34,0,0,Fee,B,N
5/17/2023,Fee,34,0,0,Fee,B,N
5/17/2023,Fee,34,0,0,Fee,B,N
5/17/2023,Fee,34,0,0,Fee,B,N
5/17/2023,Fee,34,0,0,Fee,B,N
5/17/2023,Fee,34,0,0,Fee,B,N
5/17/2023,Fee,34,0,0,Fee,B,N
5/17/2023,Fee,34,0,0,Fee,B,N
5/17/2023,Fee,34,0,0,Fee,B,N
5/17/2023,Fee,34,0,0,Fee,B,N
5/17/2023,Fee,34,0,0,Fee,B,N
5/17/2023,Fee,34,0,0,Fee,B,N
5/17/2023,Fee,34,0,0,Fee,B,N
5/17/2023,Fee,34,0,0,Fee,B,N
5/17/2023,Fee,34,0,0,Fee,B,N
5/17/2023,Fee,34,0,0,Fee,B,N
5/17/2023,Fee,34,0,0,Fee,B,N
5/10/2023,Fee,34,0,0,Fee,B,N
5/10/2023,Fee,34,0,0,Fee,B,N
5/10/2023,Fee,34,0,0,Fee,B,N
5/10/2023,Fee,34,0,0,Fee,B,N
5/10/2023,Fee,34,0,0,Fee,B,N
5/6/2023,Fee,34,0,0,Fee,B,N
5/6/2023,Fee,34,0,0,Fee,B,N
5/6/2023,Fee,34,0,0,Fee,B,N
5/6/2023,Fee,34,0,0,Fee,B,N
5/6/2023,Fee,34,0,0,Fee,B,N
5/6/2023,Fee,34,0,0,Fee,B,N
5/6/2023,Fee,34,0,0,Fee,B,N
5/6/2023,Fee,34,0,0,Fee,B,N
5/6/2023,Fee,34,0,0,Fee,B,N
5/4/2023,Fee,1.77,0,718,Fee,B,N
5/4/2023,Fee,131.12,0,0,Fee,B,N
5/4/2023,Fee,97.66,0,0,Fee,B,N
5/2/2023,Fee,34,0,0,Fee,B,N
5/2/2023,Fee,34,0,0,Fee,B,N
5/2/2023,Fee,34,0,0,Fee,B,N
4/30/2023,Fee,43.2,0,0,Fee,B,N
4/30/2023,Fee,6,0,0,Fee,B,N
4/29/2023,Fee,34,0,0,Fee,B,N
4/29/2023,Fee,34,0,0,Fee,B,N
4/29/2023,Fee,34,0,0,Fee,B,N
4/29/2023,Fee,34,0,0,Fee,B,N
4/29/2023,Fee,34,0,0,Fee,B,N
4/29/2023,Fee,34,0,0,Fee,B,N
4/29/2023,Fee,34,0,0,Fee,B,N
4/29/2023,Fee,34,0,0,Fee,B,N
4/29/2023,Fee,34,0,0,Fee,B,N
4/29/2023,Fee,34,0,0,Fee,B,N
4/29/2023,Fee,34,0,0,Fee,B,N
4/7/2023,Fee,10,0,0,Fee,B,N
4/4/2023,Fee,1.8,0,718,Fee,B,N
4/3/2023,Fee,1277.21,0,0,Fee,B,N
4/24/2023,Fee,1,0,9031,Fee,B,N
4/21/2023,Fee,1574.67,0,0,Fee,B,N
4/20/2023,Fee,34,0,0,Fee,B,N
4/20/2023,Fee,34,0,0,Fee,B,N
4/20/2023,Fee,34,0,0,Fee,B,N
4/20/2023,Fee,34,0,0,Fee,B,N
4/20/2023,Fee,34,0,0,Fee,B,N
4/20/2023,Fee,34,0,0,Fee,B,N
4/20/2023,Fee,34,0,0,Fee,B,N
4/20/2023,Fee,34,0,0,Fee,B,N
4/20/2023,Fee,34,0,0,Fee,B,N
4/20/2023,Fee,34,0,0,Fee,B,N
4/20/2023,Fee,34,0,0,Fee,B,N
4/20/2023,Fee,34,0,0,Fee,B,N
4/20/2023,Fee,34,0,0,Fee,B,N
4/20/2023,Fee,34,0,0,Fee,B,N
4/20/2023,Fee,34,0,0,Fee,B,N
4/20/2023,Fee,34,0,0,Fee,B,N
4/20/2023,Fee,34,0,0,Fee,B,N
4/20/2023,Fee,34,0,0,Fee,B,N
4/20/2023,Fee,34,0,0,Fee,B,N
4/20/2023,Fee,34,0,0,Fee,B,N
4/20/2023,Fee,34,0,0,Fee,B,N
4/20/2023,Fee,34,0,0,Fee,B,N
4/20/2023,Fee,34,0,0,Fee,B,N
4/20/2023,Fee,34,0,0,Fee,B,N
4/20/2023,Fee,34,0,0,Fee,B,N
4/20/2023,Fee,34,0,0,Fee,B,N
4/20/2023,Fee,34,0,0,Fee,B,N
4/20/2023,Fee,34,0,0,Fee,B,N
4/20/2023,Fee,34,0,0,Fee,B,N
4/20/2023,Fee,34,0,0,Fee,B,N
4/20/2023,Fee,34,0,0,Fee,B,N
4/20/2023,Fee,34,0,0,Fee,B,N
4/20/2023,Fee,34,0,0,Fee,B,N
4/20/2023,Fee,34,0,0,Fee,B,N
4/19/2023,Fee,3.19,0,0,Fee,B,N
4/17/2023,Fee,34,0,0,Fee,B,N
4/17/2023,Fee,69.36,0,0,Fee,B,N
4/12/2023,Fee,131.11,0,0,Fee,B,N
4/11/2023,Fee,34,0,0,Fee,B,N
4/11/2023,Fee,34,0,0,Fee,B,N
4/11/2023,Fee,34,0,0,Fee,B,N
4/11/2023,Fee,34,0,0,Fee,B,N
4/11/2023,Fee,34,0,0,Fee,B,N
4/11/2023,Fee,34,0,0,Fee,B,N
4/11/2023,Fee,34,0,0,Fee,B,N
4/11/2023,Fee,34,0,0,Fee,B,N
3/9/2023,Fee,69.36,0,0,Fee,B,N
3/8/2023,Fee,16.15,0,0,Fee,B,N
3/8/2023,Fee,10,0,0,Fee,B,N
3/4/2023,Fee,34,0,0,Fee,B,N
3/4/2023,Fee,34,0,0,Fee,B,N
3/4/2023,Fee,34,0,0,Fee,B,N
3/4/2023,Fee,34,0,0,Fee,B,N
3/4/2023,Fee,34,0,0,Fee,B,N
3/4/2023,Fee,34,0,0,Fee,B,N
3/4/2023,Fee,34,0,0,Fee,B,N
3/4/2023,Fee,34,0,0,Fee,B,N
3/4/2023,Fee,34,0,0,Fee,B,N
3/4/2023,Fee,34,0,0,Fee,B,N
3/4/2023,Fee,34,0,0,Fee,B,N
3/4/2023,Fee,34,0,0,Fee,B,N
3/4/2023,Fee,34,0,0,Fee,B,N
3/4/2023,Fee,34,0,0,Fee,B,N
3/4/2023,Fee,34,0,0,Fee,B,N
3/4/2023,Fee,34,0,0,Fee,B,N
3/4/2023,Fee,34,0,0,Fee,B,N
3/4/2023,Fee,34,0,0,Fee,B,N
3/4/2023,Fee,34,0,0,Fee,B,N
3/4/2023,Fee,34,0,0,Fee,B,N
3/4/2023,Fee,34,0,0,Fee,B,N
3/4/2023,Fee,34,0,0,Fee,B,N
3/4/2023,Fee,34,0,0,Fee,B,N
3/4/2023,Fee,34,0,0,Fee,B,N
3/4/2023,Fee,30.75,0,0,Fee,B,N
3/4/2023,Fee,6,0,0,Fee,B,N
3/4/2023,Fee,34,0,0,Fee,B,N
3/31/2023,Fee,40.5,0,0,Fee,B,N
3/31/2023,Fee,6,0,0,Fee,B,N
3/31/2023,Fee,10,0,0,Fee,B,N
3/30/2023,Fee,34,0,0,Fee,B,N
3/30/2023,Fee,34,0,0,Fee,B,N
3/30/2023,Fee,34,0,0,Fee,B,N
3/30/2023,Fee,34,0,0,Fee,B,N
3/30/2023,Fee,34,0,0,Fee,B,N
3/30/2023,Fee,34,0,0,Fee,B,N
3/30/2023,Fee,34,0,0,Fee,B,N
3/30/2023,Fee,34,0,0,Fee,B,N
3/30/2023,Fee,34,0,0,Fee,B,N
3/30/2023,Fee,34,0,0,Fee,B,N
3/30/2023,Fee,34,0,0,Fee,B,N
3/30/2023,Fee,34,0,0,Fee,B,N
3/30/2023,Fee,34,0,0,Fee,B,N
3/30/2023,Fee,34,0,0,Fee,B,N
3/25/2023,Fee,34,0,0,Fee,B,N
3/25/2023,Fee,34,0,0,Fee,B,N
3/25/2023,Fee,21.37,0,0,Fee,B,N
3/25/2023,Fee,34,0,0,Fee,B,N
3/25/2023,Fee,34,0,0,Fee,B,N
3/25/2023,Fee,34,0,0,Fee,B,N
3/25/2023,Fee,34,0,0,Fee,B,N
3/25/2023,Fee,34,0,0,Fee,B,N
3/25/2023,Fee,34,0,0,Fee,B,N
3/24/2023,Fee,12.63,0,0,Fee,B,N
3/24/2023,Fee,34,0,0,Fee,B,N
3/24/2023,Fee,34,0,0,Fee,B,N
3/24/2023,Fee,34,0,0,Fee,B,N
3/24/2023,Fee,34,0,0,Fee,B,N
3/24/2023,Fee,34,0,0,Fee,B,N
3/24/2023,Fee,34,0,0,Fee,B,N
3/24/2023,Fee,34,0,0,Fee,B,N
3/24/2023,Fee,34,0,0,Fee,B,N
3/24/2023,Fee,34,0,0,Fee,B,N
3/24/2023,Fee,34,0,0,Fee,B,N
3/24/2023,Fee,34,0,0,Fee,B,N
3/24/2023,Fee,34,0,0,Fee,B,N
3/24/2023,Fee,34,0,0,Fee,B,N
3/24/2023,Fee,34,0,0,Fee,B,N
3/22/2023,Fee,4,0,0,Fee,B,N
3/21/2023,Fee,2.12,0,1,Fee,B,N
3/20/2023,Fee,658.77,0,0,Fee,B,N
3/2/2023,Fee,131.11,0,0,Fee,B,N
3/19/2023,Fee,34,0,0,Fee,B,N
3/19/2023,Fee,34,0,0,Fee,B,N
3/19/2023,Fee,34,0,0,Fee,B,N
3/19/2023,Fee,34,0,0,Fee,B,N
3/19/2023,Fee,34,0,0,Fee,B,N
3/19/2023,Fee,34,0,0,Fee,B,N
3/19/2023,Fee,34,0,0,Fee,B,N
3/19/2023,Fee,34,0,0,Fee,B,N
3/19/2023,Fee,34,0,0,Fee,B,N
3/19/2023,Fee,34,0,0,Fee,B,N
3/19/2023,Fee,34,0,0,Fee,B,N
3/19/2023,Fee,34,0,0,Fee,B,N
3/19/2023,Fee,34,0,0,Fee,B,N
3/14/2023,Fee,40,0,0,Fee,B,N
3/12/2023,Fee,11.13,0,718,Fee,B,N
3/10/2023,Fee,34,0,0,Fee,B,N
3/10/2023,Fee,34,0,0,Fee,B,N
3/10/2023,Fee,34,0,0,Fee,B,N
3/10/2023,Fee,34,0,0,Fee,B,N
3/10/2023,Fee,34,0,0,Fee,B,N
3/10/2023,Fee,34,0,0,Fee,B,N
3/10/2023,Fee,34,0,0,Fee,B,N
3/10/2023,Fee,34,0,0,Fee,B,N
3/10/2023,Fee,34,0,0,Fee,B,N
3/10/2023,Fee,34,0,0,Fee,B,N
3/10/2023,Fee,34,0,0,Fee,B,N
3/10/2023,Fee,34,0,0,Fee,B,N
3/10/2023,Fee,34,0,0,Fee,B,N
3/10/2023,Fee,34,0,0,Fee,B,N
3/10/2023,Fee,34,0,0,Fee,B,N
3/10/2023,Fee,34,0,0,Fee,B,N
3/10/2023,Fee,34,0,0,Fee,B,N
3/1/2023,Fee,3.19,0,0,Fee,B,N
2/8/2023,Fee,131.11,0,0,Fee,B,N
2/8/2023,Fee,14.66,0,718,Fee,B,N
2/3/2023,Fee,1.95,0,718,Fee,B,N
2/3/2023,Fee,34,0,0,Fee,B,N
2/25/2023,Fee,34,0,0,Fee,B,N
2/25/2023,Fee,34,0,0,Fee,B,N
2/25/2023,Fee,34,0,0,Fee,B,N
2/25/2023,Fee,34,0,0,Fee,B,N
2/25/2023,Fee,34,0,0,Fee,B,N
2/25/2023,Fee,34,0,0,Fee,B,N
2/25/2023,Fee,34,0,0,Fee,B,N
2/25/2023,Fee,34,0,0,Fee,B,N
2/25/2023,Fee,34,0,0,Fee,B,N
2/25/2023,Fee,34,0,0,Fee,B,N
2/25/2023,Fee,34,0,0,Fee,B,N
2/25/2023,Fee,34,0,0,Fee,B,N
2/25/2023,Fee,34,0,0,Fee,B,N
2/25/2023,Fee,34,0,0,Fee,B,N
2/23/2023,Fee,28.38,0,0,Fee,B,N
2/19/2023,Fee,34,0,0,Fee,B,N
2/19/2023,Fee,34,0,0,Fee,B,N
2/19/2023,Fee,34,0,0,Fee,B,N
2/19/2023,Fee,34,0,0,Fee,B,N
2/19/2023,Fee,34,0,0,Fee,B,N
2/19/2023,Fee,34,0,0,Fee,B,N
2/19/2023,Fee,34,0,0,Fee,B,N
2/19/2023,Fee,34,0,0,Fee,B,N
2/19/2023,Fee,25.3,0,0,Fee,B,N
2/19/2023,Fee,34,0,0,Fee,B,N
2/19/2023,Fee,34,0,0,Fee,B,N
2/19/2023,Fee,34,0,0,Fee,B,N
2/19/2023,Fee,34,0,0,Fee,B,N
2/19/2023,Fee,34,0,0,Fee,B,N
2/19/2023,Fee,34,0,0,Fee,B,N
2/19/2023,Fee,34,0,0,Fee,B,N
2/19/2023,Fee,34,0,0,Fee,B,N
2/19/2023,Fee,34,0,0,Fee,B,N
2/19/2023,Fee,34,0,0,Fee,B,N
2/19/2023,Fee,34,0,0,Fee,B,N
2/19/2023,Fee,34,0,0,Fee,B,N
2/19/2023,Fee,34,0,0,Fee,B,N
2/19/2023,Fee,34,0,0,Fee,B,N
2/17/2023,Fee,112,0,0,Fee,B,N
2/14/2023,Fee,34,0,0,Fee,B,N
2/14/2023,Fee,34,0,0,Fee,B,N
2/14/2023,Fee,34,0,0,Fee,B,N
2/11/2023,Fee,34,0,0,Fee,B,N
2/11/2023,Fee,34,0,0,Fee,B,N
2/11/2023,Fee,34,0,0,Fee,B,N
2/11/2023,Fee,34,0,0,Fee,B,N
2/11/2023,Fee,34,0,0,Fee,B,N
2/11/2023,Fee,34,0,0,Fee,B,N
2/11/2023,Fee,34,0,0,Fee,B,N
2/11/2023,Fee,34,0,0,Fee,B,N
2/11/2023,Fee,34,0,0,Fee,B,N
2/11/2023,Fee,34,0,0,Fee,B,N
2/11/2023,Fee,34,0,0,Fee,B,N
2/11/2023,Fee,34,0,0,Fee,B,N
2/11/2023,Fee,34,0,0,Fee,B,N
2/11/2023,Fee,34,0,0,Fee,B,N
2/11/2023,Fee,34,0,0,Fee,B,N
2/11/2023,Fee,34,0,0,Fee,B,N
2/11/2023,Fee,34,0,0,Fee,B,N
2/11/2023,Fee,34,0,0,Fee,B,N
2/11/2023,Fee,34,0,0,Fee,B,N
2/11/2023,Fee,34,0,0,Fee,B,N
2/11/2023,Fee,34,0,0,Fee,B,N
2/11/2023,Fee,34,0,0,Fee,B,N
2/11/2023,Fee,34,0,0,Fee,B,N
2/11/2023,Fee,34,0,0,Fee,B,N
2/11/2023,Fee,34,0,0,Fee,B,N
2/11/2023,Fee,34,0,0,Fee,B,N
2/11/2023,Fee,34,0,0,Fee,B,N
2/11/2023,Fee,34,0,0,Fee,B,N
2/11/2023,Fee,34,0,0,Fee,B,N
2/11/2023,Fee,34,0,0,Fee,B,N
2/11/2023,Fee,34,0,0,Fee,B,N
2/11/2023,Fee,34,0,0,Fee,B,N
2/11/2023,Fee,34,0,0,Fee,B,N
2/11/2023,Fee,34,0,0,Fee,B,N
2/11/2023,Fee,34,0,0,Fee,B,N
2/10/2023,Fee,1,0,3341,Fee,B,N
1/9/2023,Fee,69.36,0,0,Fee,B,N
1/8/2023,Fee,34,0,0,Fee,B,N
1/8/2023,Fee,34,0,0,Fee,B,N
1/8/2023,Fee,34,0,0,Fee,B,N
1/8/2023,Fee,34,0,0,Fee,B,N
1/8/2023,Fee,34,0,0,Fee,B,N
1/4/2023,Fee,118.33,0,0,Fee,B,N
1/4/2023,Fee,1.88,0,718,Fee,B,N
1/31/2023,Fee,45.25,0,0,Fee,B,N
1/31/2023,Fee,6,0,0,Fee,B,N
1/28/2023,Fee,34,0,0,Fee,B,N
1/28/2023,Fee,34,0,0,Fee,B,N
1/28/2023,Fee,34,0,0,Fee,B,N
1/25/2023,Fee,34,0,0,Fee,B,N
1/25/2023,Fee,34,0,0,Fee,B,N
1/25/2023,Fee,34,0,0,Fee,B,N
1/25/2023,Fee,34,0,0,Fee,B,N
1/25/2023,Fee,34,0,0,Fee,B,N
1/25/2023,Fee,34,0,0,Fee,B,N
1/25/2023,Fee,34,0,0,Fee,B,N
1/25/2023,Fee,34,0,0,Fee,B,N
1/25/2023,Fee,34,0,0,Fee,B,N
1/25/2023,Fee,34,0,0,Fee,B,N
1/25/2023,Fee,34,0,0,Fee,B,N
1/25/2023,Fee,34,0,0,Fee,B,N
1/25/2023,Fee,34,0,0,Fee,B,N
1/25/2023,Fee,34,0,0,Fee,B,N
1/25/2023,Fee,34,0,0,Fee,B,N
1/25/2023,Fee,34,0,0,Fee,B,N
1/25/2023,Fee,34,0,0,Fee,B,N
1/25/2023,Fee,34,0,0,Fee,B,N
1/25/2023,Fee,34,0,0,Fee,B,N
1/14/2023,Fee,1,0,3341,Fee,B,N
1/14/2023,Fee,17.24,0,3341,Fee,B,N
1/10/2023,Fee,33,0,0,Fee,B,N
5/1/2023,Financial Pacific,524.83,0,0,Supplies,B,N
4/3/2023,Financial Pacific,524.83,0,0,Supplies,B,N
3/1/2023,Financial Pacific,524.83,0,0,Supplies,B,N
2/1/2023,Financial Pacific,524.83,0,0,Supplies,B,N
1/3/2023,Financial Pacific,524.83,0,0,Supplies,B,Y
5/2/2023,Firmspace,150,0,0,Marketing,B,Y
4/4/2023,Firmspace,209.9,0,0,Marketing,B,Y
5/4/2023,Five Below,21.65,0,3341,Recreational,P,N
4/21/2023,FM 1626 NTI,95.81,0,3341,Gas,B,N
4/14/2023,Food Works,40.79,0,2675,Food,P,N
4/10/2023,Food Works,74,0,2675,Food,P,N
3/30/2023,Food Works,50.18,0,2675,Food,P,N
4/4/2023,Fortiva,116.66,0,0,Loan,B,Y
1/10/2023,Fortiva,116.66,0,0,Loan,B,Y
4/21/2023,Go Carwash,15,0,9031,Auto Maintenance,B,N
5/18/2023,Go Carwash,15,0,9031,Medical,B,N
5/8/2023,Go Carwash,15,0,9031,Medical,B,N
5/14/2023,Goodrx Gold,9.99,0,9031,Medical,B,N
4/14/2023,Goodrx Gold,9.99,0,9031,Medical,B,N
1/12/2023,Green Clean Certified,580,0,1,Professional Service,B,N
1/29/2023,Grub Hub,67.37,0,9031,Food,P,N
5/2/2023,GT Wraps,531.44,0,718,Food,P,N
5/22/2023,Gusto,762.22,0,0,Tax,B,N
5/2/2023,Gusto,2172.78,0,0,Tax,B,N
4/13/2023,Gusto,2155.62,0,0,Tax,B,N
3/31/2023,Gusto,2230.89,0,0,Tax,B,N
3/15/2023,Gusto,2251.67,0,0,Tax,B,N
2/28/2023,Gusto,2383.59,0,0,Tax,B,N
2/22/2023,Gusto,1716.62,0,0,Tax,B,N
1/30/2023,Gusto,2404.59,0,0,Tax,B,N
1/12/2023,Gusto,2371.77,0,0,Tax,B,N
3/5/2023,H20 Carwash,75.52,0,9031,Auto Maintenance,B,N
4/12/2023,Hartland Payment Transfer,4450,0,0,Error,B,N
5/24/2023,H-E-B #,94.8,0,9031,Groceries,P,N
5/17/2023,H-E-B #,114.2,0,9031,Groceries,P,N
5/14/2023,H-E-B #,169.54,0,9031,Groceries,P,N
5/9/2023,H-E-B #,56.64,0,2679,Groceries,P,N
5/9/2023,H-E-B #,9.72,0,9031,Groceries,P,N
5/9/2023,H-E-B #,187.31,0,9031,Groceries,P,N
5/7/2023,H-E-B #,158.01,0,3341,Groceries,P,N
5/4/2023,H-E-B #,143.24,0,3341,Groceries,P,N
5/3/2023,H-E-B #,247.9,0,2679,Groceries,P,N
5/3/2023,H-E-B #,175.46,0,9031,Groceries,P,N
4/29/2023,H-E-B #,53.38,0,3341,Groceries,P,N
4/6/2023,H-E-B #,63.44,0,9031,Groceries,P,N
4/4/2023,H-E-B #,100,0,9031,Groceries,P,N
4/27/2023,H-E-B #,28.23,0,3341,Groceries,P,N
4/26/2023,H-E-B #,104.4,0,9031,Groceries,P,N
4/25/2023,H-E-B #,89.35,0,9031,Groceries,P,N
4/19/2023,H-E-B #,102.67,0,9031,Groceries,P,N
4/11/2023,H-E-B #,51.44,0,3341,Groceries,P,N
3/7/2023,H-E-B #,88.63,0,9031,Groceries,P,N
3/6/2023,H-E-B #,13.15,0,9031,Groceries,P,N
3/6/2023,H-E-B #,102.69,0,9031,Groceries,P,N
3/28/2023,H-E-B #,100.12,0,9031,Groceries,P,N
3/24/2023,H-E-B #,52.81,0,9031,Groceries,P,N
3/18/2023,H-E-B #,45.75,0,9031,Groceries,P,N
3/13/2023,H-E-B #,308.29,0,2679,Groceries,P,N
3/11/2023,H-E-B #,65.28,0,1,Groceries,P,N
2/8/2023,H-E-B #,167.08,0,9031,Groceries,P,N
2/21/2023,H-E-B #,148.88,0,9031,Groceries,P,N
2/13/2023,H-E-B #,89.85,0,9031,Groceries,P,N
2/10/2023,H-E-B #,66.17,0,9031,Groceries,P,N
1/31/2023,H-E-B #,171.85,0,9031,Groceries,P,N
1/16/2023,H-E-B #,66.3,0,9031,Groceries,P,N
1/15/2023,H-E-B #,64.88,0,3341,Groceries,P,N
1/15/2023,H-E-B #,193.8,0,9031,Groceries,P,N
1/12/2023,H-E-B #,106.77,0,718,Groceries,P,N
1/11/2023,H-E-B #,50.89,0,9031,Groceries,P,N
1/10/2023,H-E-B #,112.31,0,9031,Groceries,P,N
5/9/2023,H-E-B Gas,60.8,0,9031,Gas,B,N
4/5/2023,H-E-B Gas,61.13,0,2675,Gas,B,N
4/20/2023,H-E-B Gas,51.29,0,9031,Gas,B,N
4/15/2023,H-E-B Gas,63.37,0,9031,Gas,B,N
3/9/2023,H-E-B Gas,59.28,0,9031,Gas,B,N
2/21/2023,H-E-B Gas,40.62,0,3341,Gas,B,N
1/12/2023,H-E-B Gas,56.82,0,1,Gas,B,N
4/14/2023,HEB Online,77.78,0,9031,Groceries,P,N
4/12/2023,HEB Online,28.33,0,718,Groceries,P,N
1/4/2023,HEB Online,24.73,0,718,Groceries,P,N
2/9/2023,Hindo Inc,14.06,0,2675,Gas,B,N
5/27/2023,Hitechpower,371.87,0,0718,Professional Service,B,N
5/2/2023,Hitechpower,1859.38,0,718,Professional Service,B,N
4/22/2023,Hitechpower,531.25,0,718,Professional Service,B,N
4/22/2023,Hitechpower,371.87,0,718,Professional Service,B,N
4/22/2023,Hitechpower,345.31,0,718,Professional Service,B,N
4/22/2023,Hitechpower,212.5,0,718,Professional Service,B,N
4/22/2023,Hitechpower,212.5,0,718,Professional Service,B,N
4/22/2023,Hitechpower,292.18,0,718,Professional Service,B,N
4/20/2023,Hitechpower,371.87,0,718,Professional Service,B,N
4/20/2023,Hitechpower,265.62,0,718,Professional Service,B,N
3/4/2023,Hitechpower,690.62,0,2679,Professional Service,B,N
3/4/2023,Hitechpower,159.37,0,2679,Professional Service,B,N
3/4/2023,Hitechpower,1859.37,0,2679,Professional Service,B,N
3/30/2023,Hitechpower,743.75,0,718,Professional Service,B,N
3/30/2023,Hitechpower,108.25,0,718,Professional Service,B,N
3/16/2023,Hitechpower,212.5,0,718,Professional Service,B,N
2/14/2023,Hitechpower,1407.81,0,718,Professional Service,B,N
2/14/2023,Hitechpower,637.5,0,718,Professional Service,B,N
2/14/2023,Hitechpower,212.5,0,718,Professional Service,B,N
2/12/2023,Hitechpower,1859.38,0,718,Professional Service,B,N
1/10/2023,Hitechpower,212.5,0,718,Professional Service,B,N
1/10/2023,Hitechpower,292.18,0,718,Professional Service,B,N
5/29/2023,Home Depot,0,54.1,0001,Revenue,B,N
5/29/2023,Home Depot,9.49,0,0001,Supplies,B,N
5/29/2023,Home Depot,187.22,0,0001,Supplies,B,N
5/25/2023,Home Depot,235.53,0,0,Supplies,B,N
5/10/2023,Home Depot,8.62,0,2675,Supplies,B,N
5/8/2023,Home Depot,398.7,0,2675,Supplies,B,N
5/6/2023,Home Depot,123.92,0,3341,Supplies,B,N
4/28/2023,Home Depot,35.6,0,2675,Supplies,B,N
4/9/2023,Home Depot,98.7,0,9031,Supplies,B,N
4/26/2023,Home Depot,33.37,0,3341,Supplies,B,N
4/22/2023,Home Depot,208.24,0,3341,Supplies,B,N
4/22/2023,Home Depot,37.82,0,1,Supplies,B,N
4/20/2023,Home Depot,40.99,0,3341,Supplies,B,N
4/15/2023,Home Depot,88.82,0,3341,Supplies,B,N
4/15/2023,Home Depot,148.18,0,3341,Supplies,B,N
4/11/2023,Home Depot,176.63,0,1,Supplies,B,N
3/1/2023,Home Depot,19.99,0,2679,Supplies,B,N
2/4/2023,Home Depot,55.27,0,3341,Supplies,B,N
2/10/2023,Home Depot,40.03,0,3341,Supplies,B,N
1/9/2023,Home Depot,35.66,0,2675,Supplies,B,N
1/6/2023,Home Depot,53,0,9031,Supplies,B,N
1/5/2023,Home Depot,12.18,0,2675,Supplies,B,N
1/26/2023,Home Depot,35.66,0,2675,Supplies,B,N
1/18/2023,Home Depot,29,0,0,Supplies,B,N
1/16/2023,Home Depot,28.11,0,2675,Supplies,B,N
1/11/2023,Home Depot,47.46,0,3341,Supplies,B,N
1/11/2023,Home Depot,94.44,0,2675,Supplies,B,N
1/10/2023,Home Depot,44.9,0,2675,Supplies,B,N
3/24/2023,HP Ink,138.54,0,2679,Supplies,B,N
5/2/2023,HP Instant Ink,12.98,0,1,Supplies,B,Y
4/1/2023,HP Instant Ink,12.98,0,1,Supplies,B,Y
3/4/2023,HP Instant Ink,12.98,0,1,Supplies,B,Y
2/1/2023,HP Instant Ink,12.98,0,1,Supplies,B,Y
1/1/2023,HP Instant Ink,12.98,0,1,Supplies,B,Y
4/13/2023,Innovative Urgent Care,185,0,9031,Medical,B,N
5/10/2023,Instacart,109.71,0,9031,Groceries,P,N
5/10/2023,Jack Brown Cleaners,19.32,0,9031,Professional Service,P,N
3/22/2023,Jack Brown Cleaners,18.02,0,9031,Professional Service,P,N
1/4/2023,Jack Brown Cleaners,33.07,0,9031,Professional Service,P,N
3/4/2023,Jiffy Lube,97.04,0,2675,Auto Maintenance,B,N
1/6/2023,Jifiti American Greet,150,0,1,Supplies,B,N
5/2/2023,Jimmy Johns,95.21,0,9031,Food,P,N
3/16/2023,Jimmy Johns,7.78,0,9031,Food,P,N
1/31/2023,Jimmy Johns,65.76,0,9031,Food,P,N
5/24/2023,Kim Paper,3389.14,0,0,Supplies,B,N
4/24/2023,Kim Paper,7964.44,0,3341,Supplies,B,N
4/10/2023,Kim Paper,4960.88,0,3341,Supplies,B,N
1/14/2023,Kim Paper,24.36,0,3341,Supplies,B,N
4/30/2023,Kristy R Cortez,750,0,1,Professional Service,B,N
3/30/2023,Kristy R Cortez,980,0,1,Professional Service,B,N
2/28/2023,Kristy R Cortez,750,0,1,Professional Service,B,N
1/31/2023,Kristy R Cortez,750,0,1,Professional Service,B,N
4/28/2023,La Chaparrita Meat Market,13.49,0,9031,Groceries,P,N
4/3/2023,La Chaparrita Meat Market,23.57,0,9031,Groceries,P,N
1/14/2023,La Madeleine,30.94,0,1,Food,P,N
2/16/2023,Lake Austin Inc,91.54,0,2675,Recreational,P,N
1/18/2023,Lake Austin Inc,16.97,0,3341,Recreational,P,N
4/4/2023,Landfill,126.21,0,2675,Professional Service,B,N
3/1/2023,Landfill,51.96,0,2675,Professional Service,B,N
2/18/2023,Landfill,77.24,0,2675,Professional Service,B,N
2/18/2023,Landfill,73.98,0,2675,Professional Service,B,N
2/18/2023,Landfill,53.77,0,2675,Professional Service,B,N
2/14/2023,Leander Express lube,139.82,0,2675,Auto Maintenance,B,N
5/14/2023,Leander ISD,20,0,9031,Recreational,P,N
3/7/2023,Leander Laundry,10,0,2675,Professional Service,P,N
4/27/2023,Leander Stores LLC,60.74,0,1,Recreational,P,N
3/17/2023,Leander Stores LLC,74,0,2675,Recreational,P,N
3/17/2023,Leander Stores LLC,0.05,0,2675,Recreational,P,N
1/18/2023,Leander Stores LLC,74,0,2675,Recreational,P,N
5/16/2023,Lending Club,498.15,0,0,Loan,B,Y
4/14/2023,Lending Club,498.15,0,0,Loan,B,Y
3/14/2023,Lending Club,498.15,0,0,Loan,B,Y
2/14/2023,Lending Club,498.15,0,0,Loan,B,Y
1/17/2023,Lending Club,498.15,0,0,Loan,B,Y
5/18/2023,Lincoln Natural Life,316.91,0,0,Insurance,B,Y
5/4/2023,Lincoln Natural Life,105.2,0,0,Insurance,B,Y
4/6/2023,Lincoln Natural Life,105.2,0,0,Insurance,B,Y
4/20/2023,Lincoln Natural Life,316.91,0,0,Insurance,B,Y
3/6/2023,Lincoln Natural Life,105.2,0,0,Insurance,B,Y
3/20/2023,Lincoln Natural Life,316.91,0,0,Insurance,B,Y
2/21/2023,Lincoln Natural Life,316.91,0,0,Insurance,B,Y
1/6/2023,Lincoln Natural Life,105.2,0,0,Insurance,B,Y
1/30/2023,Lincoln Natural Life,316.91,0,0,Insurance,B,Y
1/14/2023,Llano Co Tx Motor,574.75,0,3341,Auto Maintenance,B,N
5/18/2023,Loan 00,200,0,0,Loan,B,Y
4/20/2023,Loan 00,200,0,0,Loan,B,Y
3/20/2023,Loan 00,200,0,0,Loan,B,Y
2/18/2023,Loan 00,200,0,0,Loan,B,Y
1/18/2023,Loan 00,200,0,0,Loan,B,Y
5/16/2023,Loan 02,447.78,0,0,Loan,B,Y
4/11/2023,Loan 02,447.78,0,0,Loan,B,Y
3/11/2023,Loan 02,447.78,0,0,Loan,B,Y
2/11/2023,Loan 02,447.78,0,0,Loan,B,Y
1/11/2023,Loan 02,447.78,0,0,Loan,B,Y
5/23/2023,Lowes,56.25,0,0,Supplies,B,N
5/5/2023,Lowes,141.63,0,9031,Supplies,B,N
4/27/2023,Lowes,34.14,0,2675,Supplies,B,N
4/25/2023,Lowes,104.37,0,2675,Supplies,B,N
4/18/2023,Lowes,7.56,0,3341,Supplies,B,N
4/17/2023,Lowes,199.07,0,9031,Supplies,B,N
3/1/2023,Lowes,57.87,0,2675,Supplies,B,N
2/9/2023,Lowes,56.27,0,2675,Supplies,B,N
2/18/2023,Lowes,34.6,0,2679,Supplies,B,N
1/5/2023,Lowes,102.79,0,2675,Supplies,B,N
1/28/2023,Lowes,16.19,0,2675,Supplies,B,N
1/18/2023,Lowes,11.89,0,3341,Supplies,B,N
1/14/2023,Lowes,28.08,0,2675,Supplies,B,N
1/5/2023,Luxury Auto Works,3639.34,0,1,Auto Maintenance,B,N
1/19/2023,Maudies Cafe,47.88,0,3341,Food,P,N
1/9/2023,McDonalds,26.23,0,9031,Food,P,N
1/16/2023,McDonalds,29.89,0,9031,Food,P,N
5/11/2023,Microsoft,13.54,0,1,Software,B,N
4/11/2023,Microsoft,38.66,0,1,Software,B,Y
2/10/2023,Microsoft,13.54,0,1,Software,B,Y
1/10/2023,Microsoft,29.84,0,1,Software,B,Y
5/11/2023,Microsoft 365,38.38,0,1,Software,B,Y
4/11/2023,Microsoft 365,13.54,0,1,Software,B,Y
3/10/2023,Microsoft 365,34.12,0,1,Software,B,Y
3/10/2023,Microsoft 365,13.54,0,1,Software,B,Y
2/10/2023,Microsoft 365,35.5,0,1,Software,B,Y
1/10/2023,Microsoft 365,13.54,0,1,Software,B,Y
4/13/2023,Murphy Express,47.65,0,1,Gas,B,N
4/13/2023,Murphy Express,23.45,0,1,Gas,B,N
2/13/2023,Murphy Express,93.85,0,2675,Gas,B,N
3/9/2023,Napa Store,69.27,0,2675,Auto Maintenance,B,N
1/1/2023,Newks Eatery,12.99,0,9031,Food,P,N
5/4/2023,Office Max,118.67,0,718,Supplies,B,N
5/28/2023,Oreilly Auto Parts,64.39,0,0,Auto Maintenance,B,N
5/28/2023,Oreilly Auto Parts,49.78,0,0,Auto Maintenance,B,N
5/17/2023,Oreilly Auto Parts,27.04,0,9031,Auto Maintenance,B,N
3/30/2023,Outdoor Power Equipment,138.41,0,2675,Supplies,B,N
3/30/2023,Outdoor Power Equipment,246.79,0,2675,Supplies,B,N
2/3/2023,Outdoor Power Equipment,995.88,0,2675,Supplies,B,N
2/22/2023,Outdoor Power Equipment,100,0,2675,Supplies,B,N
1/4/2023,Outdoor Power Equipment,184.01,0,2675,Supplies,B,N
1/26/2023,Outdoor Power Equipment,681.96,0,2675,Supplies,B,N
5/4/2023,Overdrawn Fee,34,0,0,Fee,B,N
4/6/2023,Overdrawn Fee,34,0,0,Fee,B,N
2/21/2023,Overdrawn Fee,34,0,0,Fee,B,N
1/18/2023,Overdrawn Fee,34,0,0,Fee,B,N
5/8/2023,Palenque Group,75.72,0,9031,Fee,B,N
5/1/2023,Palenque Group,42.8,0,9031,Fee,B,N
4/22/2023,Pedernales Electric,58.84,0,1,Utilities,B,Y
3/18/2023,Pedrosos Pizza,45.46,0,9031,Food,P,N
5/3/2023,Phc Urgent Care For Kids,150,0,9031,Medical,B,N
4/25/2023,Phc Urgent Care For Kids,150,0,9031,Medical,B,N
3/17/2023,Popeyes,20.1,0,9031,Food,P,N
5/25/2023,Pro Serve Enterprise,24.18,0,2675,Supplies,B,N
5/24/2023,Pro Serve Enterprise,156.56,0,2675,Supplies,B,N
5/15/2023,Pro Serve Enterprise,87.9,0,3341,Supplies,B,N
5/15/2023,Pro Serve Enterprise,48.15,0,3341,Supplies,B,N
5/15/2023,Pro Serve Enterprise,139.44,0,2675,Supplies,B,N
5/4/2023,Pro Serve Enterprise,24.18,0,3341,Supplies,B,N
5/1/2023,Pro Serve Enterprise,15.19,0,3341,Supplies,B,N
4/12/2023,Pro Serve Enterprise,60.51,0,2675,Supplies,B,N
3/31/2023,Pro Serve Enterprise,64.4,0,2675,Supplies,B,N
3/22/2023,Pro Serve Enterprise,39.35,0,2675,Supplies,B,N
3/10/2023,Pro Serve Enterprise,34.14,0,2675,Supplies,B,N
1/27/2023,Pro Serve Enterprise,243.76,0,3341,Supplies,B,N
1/20/2023,Pro Serve Enterprise,90.15,0,3341,Supplies,B,N
1/18/2023,Pro Serve Enterprise,72.55,0,2675,Supplies,B,N
1/14/2023,Pro Serve Enterprise,423.51,0,3341,Supplies,B,N
5/25/2023,QT,35.26,0,9031,Gas,B,N
5/25/2023,QT,19.32,0,9031,Gas,B,N
5/3/2023,QT,45.03,0,3341,Gas,B,N
4/7/2023,QT,33.38,0,9031,Gas,B,N
4/5/2023,QT,52.23,0,2675,Gas,B,N
4/2/2023,QT,5.39,0,1,Gas,B,N
2/4/2023,QT,14.01,0,9031,Gas,B,N
2/28/2023,QT,90.92,0,2675,Gas,B,N
2/17/2023,QT,106.66,0,2675,Gas,B,N
2/28/2023,Radiology Partners,190,0,3341,Medical,B,N
1/1/2023,Ranasar LLC,21.59,0,9031,Recreational,P,N
4/25/2023,Randalls,94.81,0,3341,Groceries,P,N
4/21/2023,Randalls,20.09,0,3341,Groceries,P,N
4/17/2023,Randalls,114.57,0,9031,Groceries,P,N
3/8/2023,Randalls,33.95,0,9031,Groceries,P,N
3/29/2023,Randalls,208,0,3341,Groceries,P,N
3/24/2023,Randalls,32.56,0,9031,Groceries,P,N
3/20/2023,Randalls,158.31,0,9031,Groceries,P,N
3/17/2023,Randalls,153.38,0,9031,Groceries,P,N
2/27/2023,Randalls,7.24,0,9031,Groceries,P,N
2/26/2023,Randalls,142.79,0,1,Groceries,P,N
2/24/2023,Randalls,69.89,0,9031,Groceries,P,N
2/24/2023,Randalls,56.21,0,9031,Groceries,P,N
2/2/2023,Randalls,144.57,0,9031,Groceries,P,N
2/15/2023,Randalls,95.76,0,9031,Groceries,P,N
2/14/2023,Randalls,37.61,0,9031,Groceries,P,N
2/12/2023,Randalls,64.62,0,9031,Groceries,P,N
1/4/2023,Randalls,129.19,0,9031,Groceries,P,N
1/4/2023,Randalls,53.55,0,9031,Groceries,P,N
1/3/2023,Randalls,113.45,0,9031,Groceries,P,N
1/25/2023,Randalls,77.78,0,9031,Groceries,P,N
1/10/2023,Randalls,144.32,0,9031,Groceries,P,N
4/25/2023,Randalls Fuel,49.77,0,9031,Gas,B,N
3/16/2023,Randalls Fuel,57.36,0,9031,Gas,B,N
3/10/2023,Randalls Fuel,94.77,0,2675,Gas,B,N
1/8/2023,Randalls Fuel,91.95,0,2675,Gas,B,N
1/3/2023,Randalls Fuel,52.96,0,9031,Gas,B,N
1/10/2023,Randalls Fuel,44.96,0,9031,Gas,B,N
5/18/2023,RBFCU,429.99,0,0,Loan,B,Y
4/2/2023,Realtor Association,473.35,0,9031,Professional Service,P,N
4/28/2023,Renken Dentistry,276,0,9031,Medical,B,N
4/7/2023,Renken Dentistry,210.8,0,9031,Medical,B,N
2/24/2023,Renken Dentistry,70,0,9031,Medical,B,N
5/24/2023,RMA Toll,32.02,0,0001,Toll,B,N
5/23/2023,RMA Toll,213.35,0,9031,Toll,B,N
4/22/2023,RMA Toll,213.34,0,9031,Toll,B,N
3/1/2023,RMA Toll,239.72,0,9031,Toll,B,N
1/26/2023,RMA Toll,719.15,0,9031,Toll,B,N
1/14/2023,RMA Toll,23.82,0,3341,Toll,B,N
1/14/2023,RMA Toll,16.49,0,3341,Toll,B,N
1/14/2023,RMA Toll,38.52,0,3341,Toll,B,N
1/13/2023,RMA Toll,34.38,0,9031,Toll,B,N
1/31/2023,Robin Brown,260,0,1,Recreational,P,N
5/28/2023,Rubbish Inc,490.91,0,2679,Supplies,P,N
5/6/2023,Rutland Food Store,12.98,0,3341,Groceries,P,N
5/22/2023,Sales Tax,6000,0,0,Loan,B,Y
5/19/2023,Sales Tax,12640,0,0,Loan,B,Y
1/14/2023,Saltgrass,130.8,0,3341,Food,P,N
4/5/2023,Saltgrass,180.04,0,3341,Food,P,N
4/23/2023,Sams Club,164.81,0,9031,Groceries,P,N
5/17/2023,Sana Vida Wellness,75,0,9031,Medical,B,N
5/17/2023,Sana Vida Wellness,199,0,9031,Medical,B,N
5/17/2023,Sana Vida Wellness,75,0,9031,Medical,B,N
5/17/2023,Sana Vida Wellness,149,0,9031,Medical,B,N
4/27/2023,Sana Vida Wellness,224,0,9031,Medical,B,N
4/27/2023,Sana Vida Wellness,224,0,9031,Medical,B,N
4/21/2023,Sana Vida Wellness,197.56,0,9031,Medical,B,N
4/2/2023,Sana Vida Wellness,149,0,9031,Medical,B,N
4/12/2023,Sana Vida Wellness,126.75,0,9031,Medical,B,N
4/12/2023,Sana Vida Wellness,169,0,9031,Medical,B,N
4/12/2023,Sana Vida Wellness,149,0,9031,Medical,B,N
3/24/2023,Sana Vida Wellness,149,0,9031,Medical,B,N
2/25/2023,Sana Vida Wellness,149,0,9031,Medical,B,N
2/2/2023,Sana Vida Wellness,149,0,9031,Medical,B,N
1/4/2023,Sana Vida Wellness,149,0,9031,Medical,B,N
1/30/2023,Sana Vida Wellness,162.98,0,9031,Medical,B,N
1/25/2023,Sana Vida Wellness,149,0,9031,Medical,B,N
4/11/2023,SBA Loan,690,0,0,Loan,B,Y
3/21/2023,SBA Loan,690,0,0,Loan,B,Y
2/28/2023,SBA Loan,700,0,0,Loan,B,Y
1/30/2023,SBA Loan,700,0,0,Loan,B,Y
5/21/2023,Seoteric,750,0,718,Marketing,B,Y
4/21/2023,Seoteric,750,0,718,Marketing,B,Y
3/21/2023,Seoteric,750,0,718,Marketing,B,Y
2/21/2023,Seoteric,750,0,718,Marketing,B,Y
3/26/2023,Shell Oil,71.66,0,2675,Gas,B,N
3/1/2023,Shell Oil,42.36,0,1,Gas,B,N
5/2/2023,Shell Service,7.51,0,3341,Gas,B,N
4/18/2023,Shell Service,57.16,0,3341,Gas,B,N
3/16/2023,Shell Service,45.62,0,2679,Gas,B,N
2/8/2023,Shell Service,2.17,0,3341,Gas,B,N
2/10/2023,Shell Service,24.94,0,2675,Gas,B,N
1/29/2023,Shell Service,31.55,0,1,Gas,B,N
3/3/2023,Signature 12,51.3,0,9031,Gas,B,N
3/3/2023,Signature 12,8.11,0,9031,Gas,B,N
3/31/2023,Snax Max,50,0,2679,Gas,B,N
3/20/2023,Square Space,337.74,0,1,Software,B,Y
5/3/2023,Stokes Sign Company,12.5,0,9031,Marketing,B,N
4/30/2023,Stokes Sign Company,197.09,0,9031,Marketing,B,N
3/20/2023,Sunbit,204.42,0,9031,Gas,B,N
5/21/2023,Sunbit,204.42,0,9031,Medical,B,N
5/18/2023,Sunbit,128.37,0,9031,Medical,B,N
5/7/2023,Sunbit,117.47,0,9031,Medical,B,N
4/7/2023,Sunbit,416.35,0,9031,Medical,B,N
4/21/2023,Sunbit,204.42,0,9031,Medical,B,N
4/18/2023,Sunbit,1,0,9031,Medical,B,N
2/20/2023,Sunbit,204.42,0,9031,Medical,B,N
1/25/2023,Sunbit,204.42,0,9031,Medical,B,N
2/22/2023,Sunoco,22.06,0,3341,Gas,B,N
3/27/2023,Super Valle,9.24,0,9031,Groceries,P,N
3/27/2023,Super Valle,25.72,0,9031,Groceries,P,N
4/22/2023,Synchrony Bank,177,0,9031,Loan,B,N
4/24/2023,Tacos Las Amazonas,19.42,0,3341,Food,P,N
5/26/2023,Target,135.82,0,9031,Groceries,P,N
5/8/2023,Target,150.11,0,9031,Groceries,P,N
5/5/2023,Target,14.07,0,9031,Groceries,P,N
4/1/2023,Target,79.74,0,9031,Groceries,P,N
2/18/2023,Target,111.79,0,9031,Groceries,P,N
1/26/2023,Target,59.1,0,9031,Groceries,P,N
1/2/2023,Target,188.23,0,9031,Groceries,P,N
5/26/2023,Target,0,25.98,9031,Revenue,P,N
5/10/2023,Tax,8265.02,0,0,Tax,B,N
4/3/2023,Tax,514.35,0,0,Tax,B,N
4/24/2023,Tax,8562.03,0,0,Tax,B,N
4/12/2023,Tax,157.23,0,9031,Tax,B,N
3/28/2023,Tax,513.77,0,0,Tax,B,N
3/21/2023,Tax,8891.01,0,0,Tax,B,N
3/13/2023,Tax,34,0,0,Tax,B,N
2/3/2023,Tax,6232.25,0,0,Tax,B,N
2/28/2023,Tax,1007.96,0,0,Tax,B,N
2/2/2023,Tax,53,0,9031,Tax,B,N
1/3/2023,Tax,10951.89,0,0,Tax,B,N
1/18/2023,Tax,673.24,0,0,Tax,B,N
1/17/2023,Tax,2500,0,0,Tax,B,N
2/14/2023,TDLR Parent Taught,20,0,9031,Professional Service,P,N
5/17/2023,Texaco,5.58,0,3341,Gas,B,N
4/25/2023,Texaco,38.55,0,2675,Gas,B,N
2/11/2023,Texaco,15.47,0,2675,Gas,B,N
1/25/2023,Texaco,105.92,0,2675,Gas,B,N
5/4/2023,Texas Gas Service,44.53,0,718,Utilities,B,Y
4/4/2023,Texas Gas Service,67.11,0,718,Utilities,B,Y
3/11/2023,Texas Gas Service,141.57,0,718,Utilities,B,Y
2/3/2023,Texas Gas Service,152.67,0,718,Utilities,B,Y
1/4/2023,Texas Gas Service,123.97,0,718,Utilities,B,Y
5/18/2023,The Guardian,849.54,0,0,Insurance,B,Y
4/4/2023,The Guardian,362.64,0,0,Insurance,B,Y
4/17/2023,The Guardian,849.54,0,0,Insurance,B,Y
3/15/2023,The Guardian,849.54,0,0,Insurance,B,Y
2/21/2023,The Guardian,849.54,0,0,Insurance,B,Y
1/27/2023,The Guardian,1522.46,0,0,Insurance,B,Y
1/17/2023,The Guardian,849.54,0,0,Insurance,B,Y
4/4/2023,The Hospital at Westlake,2630.9,0,718,Medical,B,N
5/13/2023,Titan School Solutions,2.6,0,9031,Recreational,P,N
5/26/2023,Transfer to Payroll,2130,0,0,Labor,P,N
2/8/2023,TX Child Support,575,0,718,Toll,B,N
3/14/2023,TXDPS Driver License,105,0,9031,Professional Service,P,N
5/29/2023,TxTag,20,0,9031,Toll,B,N
5/26/2023,TxTag,20,0,9031,Toll,B,N
5/21/2023,TxTag,20,0,9031,Toll,B,N
5/18/2023,TxTag,20,0,9031,Toll,B,N
5/13/2023,TxTag,20,0,9031,Toll,B,N
5/12/2023,TxTag,30,0,3341,Toll,B,N
5/7/2023,TxTag,100,0,1,Toll,B,N
5/3/2023,TxTag,100,0,1,Toll,B,N
4/8/2023,TxTag,100,0,1,Toll,B,N
4/4/2023,TxTag,100,0,1,Toll,B,N
4/24/2023,TxTag,30,0,3341,Toll,B,N
4/19/2023,TxTag,100,0,1,Toll,B,N
4/15/2023,TxTag,30,0,3341,Toll,B,N
4/12/2023,TxTag,57.04,0,3341,Toll,B,N
4/11/2023,TxTag,30,0,3341,Toll,B,N
3/7/2023,TxTag,30,0,3341,Toll,B,N
3/6/2023,TxTag,100,0,1,Toll,B,N
3/30/2023,TxTag,30,0,3341,Toll,B,N
3/26/2023,TxTag,100,0,1,Toll,B,N
3/20/2023,TxTag,30,0,3341,Toll,B,N
3/16/2023,TxTag,100,0,1,Toll,B,N
3/15/2023,TxTag,30,0,3341,Toll,B,N
2/8/2023,TxTag,30,0,3341,Toll,B,N
2/25/2023,TxTag,100,0,1,Toll,B,N
2/23/2023,TxTag,30,0,3341,Toll,B,N
2/17/2023,TxTag,20,0,9031,Toll,B,N
2/13/2023,TxTag,20,0,9031,Toll,B,N
2/12/2023,TxTag,20,0,9031,Toll,B,N
2/11/2023,TxTag,20,0,9031,Toll,B,N
2/10/2023,TxTag,100,0,1,Toll,B,N
1/27/2023,TxTag,100,0,1,Toll,B,N
1/21/2023,TxTag,30,0,3341,Toll,B,N
1/19/2023,TxTag,20,0,9031,Toll,B,N
1/18/2023,TxTag,100,0,1,Toll,B,N
1/16/2023,TxTag,20,0,9031,Toll,B,N
1/14/2023,TxTag,30,0,3341,Toll,B,N
1/13/2023,TxTag,71.63,0,9031,Toll,B,N
1/13/2023,TxTag,20,0,9031,Toll,B,N
1/13/2023,TxTag,10,0,9031,Toll,B,N
2/28/2023,USACS,522,0,3341,Medical,B,N
3/25/2023,Vegamour,117.72,0,9031,Recreational,P,N
1/25/2023,Vegamour,109.73,0,9031,Recreational,P,N
5/19/2023,Venmo,150,0,0,Withdrawal,B,N
4/21/2023,Venmo,250,0,9031,Withdrawal,B,N
3/16/2023,Venmo,300,0,0,Withdrawal,B,N
1/4/2023,Venmo,300,0,0,Withdrawal,B,N
1/2/2023,Villa Fresh Itali,25.11,0,9031,Food,P,N
5/23/2023,Vivint,46.64,0,0718,Software,B,Y
5/23/2023,Vivint,40.15,0,9031,Software,B,Y
4/25/2023,Vivint,40.15,0,9031,Software,B,Y
4/25/2023,Vivint,46.64,0,718,Software,B,Y
3/28/2023,Vivint,40.15,0,9031,Software,B,Y
3/28/2023,Vivint,46.64,0,718,Software,B,Y
2/28/2023,Vivint,46.64,0,718,Software,B,Y
2/28/2023,Vivint,40.15,0,9031,Software,B,Y
1/28/2023,Vivint,46.64,0,718,Software,B,Y
1/26/2023,Vivint,40.15,0,9031,Software,B,Y
3/20/2023,"VKC, LLP",2610,0,2679,Professional Service,B,N
5/25/2023,Walgreens,111.28,0,9031,Medical,B,N
5/25/2023,Walgreens,98.4,0,9031,Medical,B,N
5/14/2023,Walgreens,25,0,9031,Medical,B,N
5/12/2023,Walgreens,97,0,9031,Medical,B,N
5/11/2023,Walgreens,83.76,0,9031,Medical,B,N
4/26/2023,Walgreens,225.06,0,9031,Medical,B,N
4/25/2023,Walgreens,35.98,0,3341,Medical,B,N
4/15/2023,Walgreens,118.57,0,9031,Medical,B,N
4/15/2023,Walgreens,33.99,0,9031,Medical,B,N
4/14/2023,Walgreens,99.24,0,9031,Medical,B,N
4/13/2023,Walgreens,91.45,0,1,Medical,B,N
4/11/2023,Walgreens,115.22,0,9031,Medical,B,N
3/24/2023,Walgreens,108.24,0,2679,Medical,B,N
3/18/2023,Walgreens,42.31,0,9031,Medical,B,N
3/14/2023,Walgreens,144.54,0,9031,Medical,B,N
3/12/2023,Walgreens,195.13,0,9031,Medical,B,N
2/3/2023,Walgreens,170.34,0,9031,Medical,B,N
2/28/2023,Walgreens,133.42,0,1,Medical,B,N
2/26/2023,Walgreens,138,0,9031,Medical,B,N
2/18/2023,Walgreens,15.47,0,9031,Medical,B,N
1/8/2023,Walgreens,107.32,0,9031,Medical,B,N
1/8/2023,Walgreens,33.99,0,9031,Medical,B,N
1/7/2023,Walgreens,21.98,0,9031,Medical,B,N
1/31/2023,Walgreens,23.13,0,9031,Medical,B,N
1/31/2023,Walgreens,157.05,0,9031,Medical,B,N
1/3/2023,Walgreens,36.39,0,9031,Medical,B,N
1/18/2023,Walgreens,115.12,0,9031,Medical,B,N
5/4/2023,Walmart,222.25,0,9031,Groceries,P,N
4/11/2023,Walmart,10.78,0,3341,Groceries,P,N
3/29/2023,Walmart,86.56,0,9031,Groceries,P,N
3/1/2023,Walmart,126.18,0,9031,Groceries,P,N
1/30/2023,Walmart,153.38,0,9031,Groceries,P,N
1/29/2023,Walmart,235.99,0,2675,Groceries,P,N
1/23/2023,Walmart,53.66,0,9031,Groceries,P,N
5/3/2023,Whataburger,9.24,0,3341,Food,P,N
1/2/2023,Whataburger,40.5,0,9031,Food,P,N
2/22/2023,Wholefoods,127.72,0,9031,Groceries,P,N
5/9/2023,Withdrawal Cash,500,0,0,Withdrawal,B,N
5/6/2023,Withdrawal Cash,3500,0,0,Withdrawal,B,N
5/3/2023,Withdrawal Cash,200,0,0,Withdrawal,B,N
5/1/2023,Withdrawal Cash,2500,0,0,Withdrawal,B,N
4/7/2023,Withdrawal Cash,1000,0,0,Withdrawal,B,N
4/22/2023,Withdrawal Cash,300,0,0,Withdrawal,B,N
4/22/2023,Withdrawal Cash,1200,0,0,Withdrawal,B,N
4/21/2023,Withdrawal Cash,500,0,0,Withdrawal,B,N
4/21/2023,Withdrawal Cash,6000,0,0,Withdrawal,B,N
4/21/2023,Withdrawal Cash,2500,0,0,Withdrawal,B,N
4/14/2023,Withdrawal Cash,200,0,0,Withdrawal,B,N
3/24/2023,Withdrawal Cash,1600,0,0,Withdrawal,B,N
3/21/2023,Withdrawal Cash,1150,0,0,Withdrawal,B,N
3/15/2023,Withdrawal Cash,1100,0,0,Withdrawal,B,N
3/13/2023,Withdrawal Cash,1300,0,0,Withdrawal,B,N
3/11/2023,Withdrawal Cash,1785,0,0,Withdrawal,B,N
3/10/2023,Withdrawal Cash,8160,0,0,Withdrawal,B,N
3/10/2023,Withdrawal Cash,2060,0,0,Withdrawal,B,N
2/24/2023,Withdrawal Cash,3750,0,0,Withdrawal,B,N
2/11/2023,Withdrawal Cash,2450,0,0,Withdrawal,B,N
2/10/2023,Withdrawal Cash,1650,0,0,Withdrawal,B,N
1/27/2023,Withdrawal Cash,1800,0,0,Withdrawal,B,N
5/5/2023,Withdrawal Courtesy Pay-ACH,34,0,0,Fee,B,N
4/18/2023,Withdrawal Courtesy Pay-ACH,34,0,0,Fee,B,N
4/18/2023,Withdrawal Courtesy Pay-ACH,34,0,0,Fee,B,N
3/3/2023,Withdrawal Courtesy Pay-ACH,34,0,0,Fee,B,N
2/23/2023,Withdrawal Courtesy Pay-ACH,34,0,0,Fee,B,N
2/17/2023,Withdrawal Courtesy Pay-ACH,8.7,0,0,Fee,B,N
3/2/2023,Withdrawal Courtesy Pay-CK,34,0,0,Fee,B,N
3/17/2023,Withdrawal Courtesy Pay-CK,34,0,0,Fee,B,N
4/18/2023,Withdrawal Courtesy Pay-DBT,34,0,0,Fee,B,N
3/24/2023,Withdrawal Courtesy Pay-DBT,34,0,0,Fee,B,N
2/9/2023,Withdrawal Courtesy Pay-DBT,34,0,0,Fee,B,N
2/9/2023,Withdrawal Courtesy Pay-DBT,34,0,0,Fee,B,N
2/9/2023,Withdrawal Courtesy Pay-DBT,34,0,0,Fee,B,N
2/9/2023,Withdrawal Courtesy Pay-DBT,34,0,0,Fee,B,N
4/14/2023,Xpressdocs,68.2,0,9031,Professional Service,P,N
